source1_entity_id	target_entity_id	source_id	raw_s1_name	raw_s1_address	raw_s1_country	clean_s1_name	clean_s1_address	clean_s1_country	raw_target_name	raw_target_address	raw_target_country	clean_target_name	clean_target_address	clean_target_country	shared_key_families	miss_reason
S1-101808393	S3-831226768	3	Williams Silicon LLC	338 Vance Avenue, Fair Grove, MO	US	williams silicon llc	338 vance avenue fair grove mo	us	Williams Siliino LLC		US	williams siliino llc		us	6,7,10	shared key exists but block exceeded configured pair budget or retrieval stage did not complete
S1-104786845	S2-598592918	2	High Finance Private Limited	Badaun, Post Bairmai Khurd Tehsil Bilsi, C/O - Suneel Kumar Vill Girdharpur, Uttar Pradesh	India	high finance private limited	badaun post bairmai khurd tehsil bilsi c o suneel kumar vill girdharpur uttar pradesh	india	हाई फाइनेंस प्राइवेट लिमिटेड	C/O - SUNEEL KUMAR VILL GIRDHARPUR, BADAUN, उत्तर प्रदेश	India	हाई फाइनेंस प्राइवेट लिमिटेड	c o suneel kumar vill girdharpur badaun उत्तर प्रदेश	india	8	shared key exists but block exceeded configured pair budget or retrieval stage did not complete
S1-111220253	S2-505328569	2	SA Multiple Private Limited	4-B, Hansalaya, 15, Barakhambaroad, New Delhi, Delhi	India	sa multiple private limited	4 b hansalaya 15 barakhambaroad new delhi delhi	india	Limited SA Private Services	NEW DELHI, 4-B, Delhi	India	limited sa private services	new delhi 4 b delhi	india	8,12	shared key exists but block exceeded configured pair budget or retrieval stage did not complete
S1-117954160	S2-641059184	2	North Business Pvt Ltd	Room No 13, Laxmi Nagar Nr Bedrock Company, Link Road, Goregaon, Mumbai, Mumbai City, Maharashtra	India	north business private limited	room no 13 laxmi nagar nr bedrock company link road goregaon mumbai mumbai city maharashtra	india	नॉर्थ बिजनेस प्रा. लि.	ROM NO 13/4, MUMBAI, MUMBAI CITY, महाराष्ट्र	India	नॉर्थ बिजनेस प्रा लि	rom no 13 4 mumbai mumbai city महाराष्ट्र	india	8,12	shared key exists but block exceeded configured pair budget or retrieval stage did not complete
S1-120829625	S3-212500256	3	Shiv Care Private Limited	Krishna Complex, Plot No 34Poothapedu Main Road Nsc Bose Nagar, Porur, Chennai, Thiruvallur, Tamil Nadu	India	shiv care private limited	krishna complex plot no 34poothapedu main road nsc bose nagar porur chennai thiruvallur tamil nadu	india	சிவ் கேர் பிரைவேட் லிமிடெட்	Thiruvallur, Chennai, TN, Krishna Complex	India	சிவ் கேர் பிரைவேட் லிமிடெட்	thiruvallur chennai tn krishna complex	india	8	shared key exists but block exceeded configured pair budget or retrieval stage did not complete
S1-122745024	S2-805398335	2	Cardiology Diamond Specialists	100 Abbott Park Road, Unit DEPARTMENT 49K, North Chicago, IL	US	cardiology diamond specialists	100 abbott park road unit department 49k north chicago il	us	diamondcardiologyspecialists.com	100A ABBOTT PARK ROAD, NORTH CHICAGO, IL	US	diamondcardiologyspecialists com	100a abbott park road north chicago il	us	8,10	shared key exists but block exceeded configured pair budget or retrieval stage did not complete
S1-12377410	S2-600115417	2	RM Functional Corporation	No. 56, K No 105, Raghavendra Nagar, 2Nd Cr, Bangalore South, Bangalore, Karnataka	India	rm functional corporation	no 56 k no 105 raghavendra nagar 2nd cr bangalore south bangalore karnataka	india	Iriarc	H.NO 56, BANGALORE SOUTH, BANGALORE, Karnataka	India	iriarc	h no 56 bangalore south bangalore karnataka	india	8,12	shared key exists but block exceeded configured pair budget or retrieval stage did not complete
S1-125527550	S2-158687922	2	Sun Global Limited	11, Rasik Lal Banerjee Lane, Bally Jagachha, Howrah, West Bengal	India	sun global limited	11 rasik lal banerjee lane bally jagachha howrah west bengal	india	সান গ্লোবাল লিমিটেড	NO 155 11, HOWRAH, পশ্চিমবঙ্গ	India	সান গ্লোবাল লিমিটেড	no 155 11 howrah পশ্চিমবঙ্গ	india	8,12	shared key exists but block exceeded configured pair budget or retrieval stage did not complete
S1-129614616	S2-195168157	2	Hitech Developers Pvt Ltd	201, Sahyadri, Plot No 31, Sector 21, Nerul, Navi Mumbai, Thane, Maharashtra	India	hitech developers private limited	201 sahyadri plot no 31 sector 21 nerul navi mumbai thane maharashtra	india	हाईटेक डेवलपर्स प्रा. लि.	201, THANE, Maharashtra	India	हाईटेक डेवलपर्स प्रा लि	201 thane maharashtra	india	8,12	shared key exists but block exceeded configured pair budget or retrieval stage did not complete
S1-144151338	S2-964053924	2	All Investment Limited	Plot 11, Daffodils Flats, 2Nd Floor Earikkarai Strt, Tambaram, Kanchipuram, Tamil Nadu	India	all investment limited	plot 11 daffodils flats 2nd floor earikkarai strt tambaram kanchipuram tamil nadu	india	ஆல் இன்வெஸ்ட்மெண்ட் லிமிடெட்	PLOT 11, KANCHIPURAM, தமிழ்நாடு	India	ஆல் இன்வெஸ்ட்மெண்ட் லிமிடெட்	plot 11 kanchipuram தமிழ்நாடு	india	8,12	shared key exists but block exceeded configured pair budget or retrieval stage did not complete
S1-184591181	S2-932156339	2	Shakti Foods	48/49, Vaddarapalya Subramanyapura, Bangalore, Karnataka	India	shakti foods	48 49 vaddarapalya subramanyapura bangalore karnataka	india	ಶಕ್ತಿ ಫುಡ್ಸ್	48/4, BENGALURU, BANGALORE, Karnataka	India	ಶಕ್ತಿ ಫುಡ್ಸ್	48 4 bengaluru bangalore karnataka	india	8,12	shared key exists but block exceeded configured pair budget or retrieval stage did not complete
S1-196267878	S2-931952423	2	Golden Consultancy Private Limited	Gf Shop 22, 23, Sarjan Corp, Platinum Plaza, Unn, Chorasi, Surat, Gujarat	India	golden consultancy private limited	gf shop 22 23 sarjan corp platinum plaza unn chorasi surat gujarat	india	Mr CIRAAVIVERA	#233- GF SHOP 22, CHORASI, SURAT, ગુજરાત	India	mr ciraavivera	233 gf shop 22 chorasi surat ગુજરાત	india	8,12	shared key exists but block exceeded configured pair budget or retrieval stage did not complete
S1-213218209	S2-684867242	2	Urban Seafood PC	13220 86th Place, Kirkland, WA	US	urban seafood pc	13220 86th place kirkland wa	us	Urban-Sefd PC	86ND PL, KRIKLAND, WA	US	urban sefd pc	86nd pl krikland wa	us	6,7,10	shared key exists but block exceeded configured pair budget or retrieval stage did not complete
S1-222656983	S3-194383738	3	Balaji Systems Pvt Ltd	508, 5Th Floor, Ceejay House, Dr Annie Besant Road, Worli, Mumbai, Mumbai City, Maharashtra	India	balaji systems private limited	508 5th floor ceejay house dr annie besant road worli mumbai mumbai city maharashtra	india	बालाजी Systems Pvt Ltd	0508, MH, Mumbai (SUBURBAN)	India	बालाजी systems private limited	0508 mh mumbai suburban	india	6,7,8,10	shared key exists but block exceeded configured pair budget or retrieval stage did not complete
S1-224888768	S2-121767107	2	Star Investments Private Limited	40, Manga Market, Near Main Post Office, Kalkaji Kalkaji Extension, New Delhi, South West Delhi, Delhi	India	star investments private limited	40 manga market near main post office kalkaji kalkaji extension new delhi south west delhi delhi	india	स्टार इन्वेस्टमेंट्स प्राइवेट लिमिटेड	दिल्ली, SOUTH WEST DELHI, NEW DELHI, 39	India	स्टार इन्वेस्टमेंट्स प्राइवेट लिमिटेड	दिल्ली south west delhi new delhi 39	india	8	shared key exists but block exceeded configured pair budget or retrieval stage did not complete
S1-22556602	S2-158486419	2	Abramson Digitalbridge	415 Bent Way Road, Marble Falls, TX	US	abramson digitalbridge	415 bent way road marble falls tx	us	abramsondigitalbridge.com	15 BENT WAY ROAD, MARBLEF ALLS CDP, TX	US	abramsondigitalbridge com	15 bent way road marblef alls cdp tx	us	8,10	shared key exists but block exceeded configured pair budget or retrieval stage did not complete
S1-235827905	S3-245041126	3	Sai Infotech Private Limited	Patna, Bihar, 709, 7Th Floor, Jagat Trade Centre Maurya Lok, Fraser Road	India	sai infotech private limited	patna bihar 709 7th floor jagat trade centre maurya lok fraser road	india	साईं इंफोटेक प्राइवेट लिमिटेड	707, Patna, Boring Road, Patna, BR	India	साईं इंफोटेक प्राइवेट लिमिटेड	707 patna boring road patna br	india	8	shared key exists but block exceeded configured pair budget or retrieval stage did not complete
S1-238200430	S2-855633517	2	Global Institute	25700 21, Town Of La Grange, WI	US	global institute	25700 21 town of la grange wi	us	GLOBAL CENTER		US	global center		us		no shared generated retrieval key
S1-250720246	S3-278968813	3	Internal Medicine Care Associates	230 Dark Hollow Drive, Traphill, NC	US	internal medicine care associates	230 dark hollow drive traphill nc	us	Internal Medicine Cáré Associates		US	internal medicine cáré associates		us	6,7,10,14	shared key exists but block exceeded configured pair budget or retrieval stage did not complete
S1-251321359	S3-604255764	3	White Producer Private Limited	G-18, S/F Preet Vihar Near Fine Dining Restaurant, Delhi, East Delhi, Delhi	India	white producer private limited	g 18 s f preet vihar near fine dining restaurant delhi east delhi delhi	india	व्हाइट प्रोड्यूसर प्राइवेट लिमिटेड	Door No A-371 G-18, East Delhi, Delhi, दिल्ली	India	व्हाइट प्रोड्यूसर प्राइवेट लिमिटेड	door no a 371 g 18 east delhi delhi दिल्ली	india	8,12	shared key exists but block exceeded configured pair budget or retrieval stage did not complete
S1-260564294	S2-892707397	2	Big Consultancy Private Limited	R 20, 3Rd Floor, Gurpreet Nagar Uttam Nagar, Delhi, West Delhi, Delhi	India	big consultancy private limited	r 20 3rd floor gurpreet nagar uttam nagar delhi west delhi delhi	india	बिग कंसल्टेंसी Private Limited	R 20, DELHI, GHAZIABAD, Delhi	India	बिग कंसल्टेंसी private limited	r 20 delhi ghaziabad delhi	india	8,12	shared key exists but block exceeded configured pair budget or retrieval stage did not complete
S1-26137165	S2-969235989	2	Vanguard Holdings	7200 Downing Court, Clarksville, MD	US	vanguard holdings	7200 downing court clarksville md	us	Vanguard Hóldings	7297 DOWNING CT, CLARKSVLLE CITY, MD	US	vanguard hóldings	7297 downing ct clarksvlle city md	us	6,7,8,10	shared key exists but block exceeded configured pair budget or retrieval stage did not complete
S1-261532491	S2-799015934	2	JB Cluster Private Limited	#102, 1St Floor, Dutt Island Siripuram Jn., Vishakhapatnam, Andhra Pradesh	India	jb cluster private limited	102 1st floor dutt island siripuram jn vishakhapatnam andhra pradesh	india	JB-Cluerter Private Limited	1ST FLOOR, #102, VISHAKHAPATNAM, Andhra Pradesh	India	jb cluerter private limited	1st floor 102 vishakhapatnam andhra pradesh	india	8,12	shared key exists but block exceeded configured pair budget or retrieval stage did not complete
S1-267289006	S2-135998383	2	Smart Services Private Limited	1-12-16, Chakali Street, Vizianagaram Contonment, Vizianagaram, Andhra Pradesh	India	smart services private limited	1 12 16 chakali street vizianagaram contonment vizianagaram andhra pradesh	india	స్మార్ట్ సర్వీసెస్ ప్రైవేట్ లిమిటెడ్	VIZIANAGARAM, Andhra Pradesh, 1-12-16	India	స్మార్ట్ సర్వీసెస్ ప్రైవేట్ లిమిటెడ్	vizianagaram andhra pradesh 1 12 16	india	8,12	shared key exists but block exceeded configured pair budget or retrieval stage did not complete
S1-268435334	S2-858257614	2	Vision Estate Private Limited	12/373 G, Kozhikode, Thottathil, Valiyaparamba, Kerala	India	vision estate private limited	12 373 g kozhikode thottathil valiyaparamba kerala	india	വിഷൻ എസ്റ്റേറ്റ് പ്രൈവറ്റ് ലിമിറ്റഡ്	12/37 G, CALICUT, Kerala	India	വിഷൻ എസ്റ്റേറ്റ് പ്രൈവറ്റ് ലിമിറ്റഡ്	12 37 g calicut kerala	india	8,12	shared key exists but block exceeded configured pair budget or retrieval stage did not complete
S1-270053163	S2-623375302	2	Innovative Enterprises	302, Ild Trade Centre, Sec-47, Sohna Road, Gurgaon, Haryana	India	innovative enterprises	302 ild trade centre sec 47 sohna road gurgaon haryana	india	इनोवेटिव एंटरप्राइजेज	302, GURUGRAM, GURGAON, Haryana	India	इनोवेटिव एंटरप्राइजेज	302 gurugram gurgaon haryana	india	8,12	shared key exists but block exceeded configured pair budget or retrieval stage did not complete
S1-279399254	S2-587493985	2	Modern Construction Limited	37, Singaravelan Nagar, 1St Street, Maduravoyal, Poonamalee, Tiruvallur, Tamil Nadu	India	modern construction limited	37 singaravelan nagar 1st street maduravoyal poonamalee tiruvallur tamil nadu	india	மாடர்ன் கன்ஸ்ட்ரக்ஷன் லிமிடெட்	##37, POONAMALEE, TIRUVALLUR, Tamil Nadu	India	மாடர்ன் கன்ஸ்ட்ரக்ஷன் லிமிடெட்	37 poonamalee tiruvallur tamil nadu	india	8,12	shared key exists but block exceeded configured pair budget or retrieval stage did not complete
S1-283014052	S2-555511376	2	Safe All Esports LLC	730 Harrison Street, Trenton, IL	US	safe all esports llc	730 harrison street trenton il	us	@safeall	0730 HARRISON STREET, PMB 1283, TRENTON, IL	US	safeall	0730 harrison street pmb 1283 trenton il	us	8,10	shared key exists but block exceeded configured pair budget or retrieval stage did not complete
S1-296400262	S3-758487195	3	Pediatric Center LLC	Amarillo, 2001 6th Avenue, TX	US	pediatric center llc	amarillo 2001 6th avenue tx	us	@pediatriccenter	6rd Avenue, Aamrillo, Texas	US	pediatriccenter	6rd avenue aamrillo texas	us	10	shared key exists but block exceeded configured pair budget or retrieval stage did not complete
S1-330213669	S2-662027862	2	Al Properties Private Limited	S. No.7, Near Pyramid Hot, Bhosari, Pune City, Pune, Maharashtra	India	al properties private limited	s no 7 near pyramid hot bhosari pune city pune maharashtra	india	अल प्रॉपर्टीज प्राइवेट लिमिटेड	S. NO.8, PUNE CITY, PUNE, Maharashtra	India	अल प्रॉपर्टीज प्राइवेट लिमिटेड	s no 8 pune city pune maharashtra	india	8	shared key exists but block exceeded configured pair budget or retrieval stage did not complete
S1-34163045	S2-52048114	2	Gold Logistics Private Limited	Krishna Industrial Complex, No-5, Uttarahalli Hobli B-61, Subramanyapura, Bangalore, Karnataka	India	gold logistics private limited	krishna industrial complex no 5 uttarahalli hobli b 61 subramanyapura bangalore karnataka	india	Zephbrixmira	KRISHNA INDUSTRIAL COMPLEX, BANGALORE, ಕರ್ನಾಟಕ	India	zephbrixmira	krishna industrial complex bangalore ಕರ್ನಾಟಕ	india	8	shared key exists but block exceeded configured pair budget or retrieval stage did not complete
S1-345526826	S2-686515874	2	Horizon Robotics Solutions	1008 21st Street, Claremore, OK	US	horizon robotics solutions	1008 21st street claremore ok	us	Horizon Rbbhtdéis Solutions	1098 21RD STREET, CLAREMORE, OK	US	horizon rbbhtdéis solutions	1098 21rd street claremore ok	us	6,7,8,10	shared key exists but block exceeded configured pair budget or retrieval stage did not complete
S1-347820654	S3-39968306	3	Al Infrastructure Limited	1St Floor, 24/A, K R Colony, Domlur Layout, Bangalore, Karnataka	India	al infrastructure limited	1st floor 24 a k r colony domlur layout bangalore karnataka	india	ಅಲ್ ಇನ್‌ಫ್ರಾಸ್ಟ್ರಕ್ಚರ್ ಲಿಮಿಟೆಡ್	001St Floor, Bangalore, ಕರ್ನಾಟಕ	India	ಅಲ್ ಇನ್‌ಫ್ರಾಸ್ಟ್ರಕ್ಚರ್ ಲಿಮಿಟೆಡ್	001st floor bangalore ಕರ್ನಾಟಕ	india	8	shared key exists but block exceeded configured pair budget or retrieval stage did not complete
S1-351933030	S3-893209212	3	Royal Services Limited	Pl No. 87 To 92, 2Nd, 3Rd, Tal: Mangrol, Dist: Surat, Mangrol, Surat, Gujarat	India	royal services limited	pl no 87 to 92 2nd 3rd tal mangrol dist surat mangrol surat gujarat	india	Royal Srfns Limited		India	royal srfns limited		india	6,7,10	shared key exists but block exceeded configured pair budget or retrieval stage did not complete
S1-360417355	S3-275269262	3	Silver Consultancy Private Limited	70-A/23, Third Floor, Rama Road, Industrial Area, Najafgarh Road, Delhi, New Delhi, Delhi	India	silver consultancy private limited	70 a 23 third floor rama road industrial area najafgarh road delhi new delhi delhi	india	सिल्वर कंसल्टेंसी प्राइवेट लिमिटेड	7-0-A/23, Delhi, New Delhi, DL	India	सिल्वर कंसल्टेंसी प्राइवेट लिमिटेड	7 0 a 23 delhi new delhi dl	india	8,12	shared key exists but block exceeded configured pair budget or retrieval stage did not complete
S1-361880696	S3-558228831	3	Jay Projects Private Limited	2Nd Floor, Office No.2 Appasaheb Marathe Marg, Prabhadevi, Mumbai City, Mumbai, Maharashtra, Rajan House	India	jay projects private limited	2nd floor office no 2 appasaheb marathe marg prabhadevi mumbai city mumbai maharashtra rajan house	india	जय Projects Private Limited	Rajan House, Mumbai, Mumbai City, महाराष्ट्र	India	जय projects private limited	rajan house mumbai mumbai city महाराष्ट्र	india	6,7,8,10	shared key exists but block exceeded configured pair budget or retrieval stage did not complete
S1-369479518	S2-674883928	2	Indo Consultancy Private Limited	28, 3Rd Flr, Bansilal Bldg, Homi Modi Stret, Fort, Mumbai, Maharashtra	India	indo consultancy private limited	28 3rd floor bansilal bldg homi modi stret fort mumbai maharashtra	india	इंडो कंसल्टेंसी प्राइवेट लिमिटेड	A-28, MUMBAI, महाराष्ट्र	India	इंडो कंसल्टेंसी प्राइवेट लिमिटेड	a 28 mumbai महाराष्ट्र	india	8,12	shared key exists but block exceeded configured pair budget or retrieval stage did not complete
S1-374576758	S3-299638376	3	RN Enclave LLC	N58W24383 Clover Drive, Village Of Sussex, WI	US	rn enclave llc	n58w24383 clover drive village of sussex wi	us	RN LLC Services	5824494-5824498 Clover Drive, Sussex, Wisconsin	US	rn llc services	5824494 5824498 clover drive sussex wisconsin	us	8	shared key exists but block exceeded configured pair budget or retrieval stage did not complete
S1-382021457	S3-979925158	3	Saboo Vision Ltd	97 Ff, Village Katwaria Sarai, New Delhi, South West Delhi, Delhi	India	saboo vision limited	97 ff village katwaria sarai new delhi south west delhi delhi	india	Mr saboovision.com	186 Ff, New Delhi, DL	India	mr saboovision com	186 ff new delhi dl	india	8,10	shared key exists but block exceeded configured pair budget or retrieval stage did not complete
S1-392566689	S3-117144804	3	EA Software Inc	1429 College Street, Portland, OR	US	ea software incorporated	1429 college street portland or	us	EA Sofwttoaer Inc		US	ea sofwttoaer incorporated		us	6,7,10	shared key exists but block exceeded configured pair budget or retrieval stage did not complete
S1-421396805	S2-942627515	2	Best Enterprises Limited	202, Floor 2, Plot 1/255, B Pratiksha Tower, R S Nimkar Marg, Mumbai Central, Mumbai, Mumbai City, Maharashtra	India	best enterprises limited	202 floor 2 plot 1 255 b pratiksha tower r s nimkar marg mumbai central mumbai mumbai city maharashtra	india	बेस्ट एंटरप्राइजेज लिमिटेड	202, MUMBAI CITY, BOMBAY, Maharashtra	India	बेस्ट एंटरप्राइजेज लिमिटेड	202 mumbai city bombay maharashtra	india	8,12	shared key exists but block exceeded configured pair budget or retrieval stage did not complete
S1-424139501	S3-723522545	3	XJ Fine Private Limited	Hno 14-20/677/580 2Nd Flr, Road No 9 V V Nagar, Balanagar, Hyderabad, Telangana	India	xj fine private limited	hno 14 20 677 580 2nd floor road no 9 v v nagar balanagar hyderabad telangana	india	XJ Fene Private Limited	2Nd Flr, Hyderabad, TG	India	xj fene private limited	2nd floor hyderabad tg	india	8	shared key exists but block exceeded configured pair budget or retrieval stage did not complete
S1-426586587	S2-833758002	2	Hari Investment Pvt Ltd	Maharashtra, Plot No. 17, Kolhapur, Chavan Colony Front Of Kalamba Jail	India	hari investment private limited	maharashtra plot no 17 kolhapur chavan colony front of kalamba jail	india	हरि इन्वेस्टमेंट प्रा. लि.	DOOR NO 17, KOLHAPUR, Maharashtra	India	हरि इन्वेस्टमेंट प्रा लि	door no 17 kolhapur maharashtra	india	8,12	shared key exists but block exceeded configured pair budget or retrieval stage did not complete
S1-436017792	S3-982064524	3	Golden Tirupati Services Private Limited	H-41, Floor 14, H-Block, Hyderabad Estate, Opp. Ld Ruparel Maro Parsi, Panchayat Simla Nagar, Cumballa, Mumbai, Maharashtra	India	golden tirupati services private limited	h 41 floor 14 h block hyderabad estate opp ld ruparel maro parsi panchayat simla nagar cumballa mumbai maharashtra	india	गोल्डन तिरुपति सर्विसेज प्राइवेट लिमिटेड	H-41, Cumballa, Mumbai, MH	India	गोल्डन तिरुपति सर्विसेज प्राइवेट लिमिटेड	h 41 cumballa mumbai mh	india	8,12	shared key exists but block exceeded configured pair budget or retrieval stage did not complete
S1-445735841	S3-564688997	3	Modern Consultants Private Limited	C/O Prasanna S, Sreepadmanabham Kallingal, Thiruvananthapuram, Thiruvananthapuram, Trivandrum, Kerala	India	modern consultants private limited	c o prasanna s sreepadmanabham kallingal thiruvananthapuram thiruvananthapuram trivandrum kerala	india	മോഡേൺ കൺസൾട്ടന്റ്സ് പ്രൈവറ്റ് ലിമിറ്റഡ്	KL, Trivandrum, C/o Prasanna S, Thiruvananthapuram	India	മോഡേൺ കൺസൾട്ടന്റ്സ് പ്രൈവറ്റ് ലിമിറ്റഡ്	kl trivandrum c o prasanna s thiruvananthapuram	india	8	shared key exists but block exceeded configured pair budget or retrieval stage did not complete
S1-458454199	S3-249524174	3	Innovative Estate LLP	2, 94 A, Pavattivilai Cherikadai, Thakalay, Kanyakumari, Tamil Nadu	India	innovative estate limited liability partnership	2 94 a pavattivilai cherikadai thakalay kanyakumari tamil nadu	india	இன்னோவேட்டிவ் எஸ்டேட் எல்எல்பி	#G-496 2, Kanyakumari, Thakalay, TN	India	இன்னோவேட்டிவ் எஸ்டேட் எல்எல்பி	g 496 2 kanyakumari thakalay tn	india	8,12	shared key exists but block exceeded configured pair budget or retrieval stage did not complete
S1-467743414	S2-236720901	2	Green Beacon Oneim	2151 Southern Avenue, Unit 1035, Mesa, AZ	US	green beacon oneim	2151 southern avenue unit 1035 mesa az	us	greenbeacononeim.com	002151 SOUTHERN AVE, MSEA, AZ	US	greenbeacononeim com	002151 southern avenue msea az	us	8,10	shared key exists but block exceeded configured pair budget or retrieval stage did not complete
S1-477006150	S2-761471318	2	City Consulting Private Limited	1, Shri Shreeji Park, D'Souza Colony, College Road, Nashik, Maharashtra	India	city consulting private limited	1 shri shreeji park d souza colony college road nashik maharashtra	india	सिटी कंसल्टिंग प्राइवेट लिमिटेड	01, COLLEGE ROAD, NASHIK, महाराष्ट्र	India	सिटी कंसल्टिंग प्राइवेट लिमिटेड	01 college road nashik महाराष्ट्र	india	8	shared key exists but block exceeded configured pair budget or retrieval stage did not complete
S1-48720115	S3-707278997	3	Jay Technology Private Limited	1B, Spring Waters, Kunnukadu, Kovallam Village Opp Hotel Taj Vivantha, Ecr, Chengalput T, Aluk, Kancheepuram, Tamil Nadu	India	jay technology private limited	1b spring waters kunnukadu kovallam village opp hotel taj vivantha ecr chengalput t aluk kancheepuram tamil nadu	india	Jaytechnology.Com (ID: 81435)	Block A-404 1B, Chengalpattu, TN	India	jaytechnology com id 81435	block a 404 1b chengalpattu tn	india		no shared generated retrieval key
S1-490383704	S3-888090225	3	Apical Brothers Private Limited	Fl No 6 1, United Western Socy P N 35, S N 42/43, Karv/Enagar, Pune, Maharashtra	India	apical brothers private limited	fl no 6 1 united western socy p n 35 s n 42 43 karv enagar pune maharashtra	india	Apicalbrosprivate.Com	Fl No 6 1, Pune, MH	India	apicalbrosprivate com	fl no 6 1 pune mh	india	8,10,12	shared key exists but block exceeded configured pair budget or retrieval stage did not complete
S1-505934211	S2-480040147	2	Green Care Pvt Ltd	Block-H Laxmi Nagar, New Delhi, H.No-23, Delhi, East Delhi	India	green care private limited	block h laxmi nagar new delhi h no 23 delhi east delhi	india	ग्रीन केयर प्रा. लि.	H.NO-B3/23, NEW DELHI, PAPRAWAT, Delhi	India	ग्रीन केयर प्रा लि	h no b3 23 new delhi paprawat delhi	india	8,12	shared key exists but block exceeded configured pair budget or retrieval stage did not complete
S1-507434180	S3-703367879	3	Apex LLC	220 Hibiscus Street, South Padre Island, TX	US	apex llc	220 hibiscus street south padre island tx	us	Apex LLC Ventures		US	apex llc ventures		us	6,7,10	shared key exists but block exceeded configured pair budget or retrieval stage did not complete
S1-508585	S2-74183640	2	Aditya Energy Private Limited	18, Mott Lane 2Nd Floor, Kolkata, Kolkata, Howrah, West Bengal	India	aditya energy private limited	18 mott lane 2nd floor kolkata kolkata howrah west bengal	india	আদিত্য এনার্জি প্রাইভেট লিমিটেড	18., KOLKATA, HOWRAH, West Bengal	India	আদিত্য এনার্জি প্রাইভেট লিমিটেড	18 kolkata howrah west bengal	india	8,9,12	shared key exists but block exceeded configured pair budget or retrieval stage did not complete
S1-511118482	S3-659775917	3	Premier Technology Private Limited	Sai Sadan, 252-K, Second Floor, Raja Dhirsain Marg, Sant Nagar, New Delhi, South Delhi, Delhi	India	premier technology private limited	sai sadan 252 k second floor raja dhirsain marg sant nagar new delhi south delhi delhi	india	प्रीमियर टेक्नोलॉजी प्राइवेट लिमिटेड	Plot #94 Sai Sadan, New Delhi, दिल्ली	India	प्रीमियर टेक्नोलॉजी प्राइवेट लिमिटेड	plot 94 sai sadan new delhi दिल्ली	india	8	shared key exists but block exceeded configured pair budget or retrieval stage did not complete
S1-537553995	S3-438860770	3	Sonthalia & Sons Private Limited	Villa No. 33, Northstar, Allura, Shankarpally, K.V.Rangareddy, Telangana	India	sonthalia sons private limited	villa no 33 northstar allura shankarpally k v rangareddy telangana	india	Dovanex	Villa No. 33, Shankarpally, K.v.rangareddy, తెలంగాణ	India	dovanex	villa no 33 shankarpally k v rangareddy తెలంగాణ	india	8,12	shared key exists but block exceeded configured pair budget or retrieval stage did not complete
S1-541969879	S3-603892243	3	Royal Foundation Pvt Ltd	4, Andal Nagar, 2Nd Cross St. Extension Velachery, Chennai, Tamil Nadu	India	royal foundation private limited	4 andal nagar 2nd cross street extension velachery chennai tamil nadu	india	Miraciraveo	Block A-4 4, Chennai, தமிழ்நாடு	India	miraciraveo	block a 4 4 chennai தமிழ்நாடு	india	8,12	shared key exists but block exceeded configured pair budget or retrieval stage did not complete
S1-559763083	S3-20810113	3	Pediatric Safe Care	3205 Bur Oak Road, Baudette, MN	US	pediatric safe care	3205 bur oak road baudette mn	us	Pediatric 5afe Cae		US	pediatric 5afe cae		us	6,7,10	shared key exists but block exceeded configured pair budget or retrieval stage did not complete
S1-564750023	S3-898125169	3	New Technologies Limited	Jaipur, Himmat Nagar, Tonk Road Jaipur, Rajasthan, 27, Jaipur	India	new technology limited	jaipur himmat nagar tonk road jaipur rajasthan 27 jaipur	india	न्यू टेक्नोलॉजीज लिमिटेड	27, Jaipur, RJ	India	न्यू टेक्नोलॉजीज लिमिटेड	27 jaipur rj	india	8,12	shared key exists but block exceeded configured pair budget or retrieval stage did not complete
S1-566143634	S2-280387127	2	Unique Services Private Limited	47, Matheshwartala Road, Kolkata, Kolkata, Howrah, West Bengal	India	unique services private limited	47 matheshwartala road kolkata kolkata howrah west bengal	india	ইউনিক সার্ভিসেস প্রাইভেট লিমিটেড	47, CALCUTTA, HOWRAH, West Bengal	India	ইউনিক সার্ভিসেস প্রাইভেট লিমিটেড	47 calcutta howrah west bengal	india	8,9,12	shared key exists but block exceeded configured pair budget or retrieval stage did not complete
S1-567215215	S2-658868799	2	Atlantic Diversified LLC	1112 Main Street, Unit 17, Barnstable, MA	US	atlantic diversified llc	1112 main street unit 17 barnstable ma	us	Atlantic Dinisrtfihed LLC	MA, MAIN STREET, OSTERVILLE	US	atlantic dinisrtfihed llc	ma main street osterville	us	6,7,8,10	shared key exists but block exceeded configured pair budget or retrieval stage did not complete
S1-568804879	S2-676486141	2	Future & Brothers Private Limited	Uttar Pradesh, Noida, C-55 Sector-63 Noida Uttar Pradesh, Gautam Buddha Nagar	India	future brothers private limited	uttar pradesh noida c 55 sector 63 noida uttar pradesh gautam buddha nagar	india	futurebrothers.com	Uttar Pradesh, C-C-55 SECTOR-63 NOIDA UTTAR PRADESH, NOIDA	India	futurebrothers com	uttar pradesh c c 55 sector 63 noida uttar pradesh noida	india	8,10,12	shared key exists but block exceeded configured pair budget or retrieval stage did not complete
S1-571862225	S2-672331806	2	Youth Highland Church	261 11th Street, Fl 0, Pasadena, MD	US	youth highland church	261 11th street fl 0 pasadena md	us	@youthhighland	00261 ELEVENTH ST, PASADENA, MD	US	youthhighland	00261 eleventh street pasadena md	us	8,10	shared key exists but block exceeded configured pair budget or retrieval stage did not complete
S1-575832659	S3-328979649	3	Nm Services Private Limited	C/O = Nilam Kumari, Jamo Road Afrad More, Siwan, Bihar	India	nm services private limited	c o nilam kumari jamo road afrad more siwan bihar	india	Nm Private Limited  Partners	C/o = Nilam Kumari, Siwan, BR	India	nm private limited partners	c o nilam kumari siwan br	india	8	shared key exists but block exceeded configured pair budget or retrieval stage did not complete
S1-595246384	S2-261144736	2	Thompson Staking, LLC	409 87th Place, Chicago, IL	US	thompson staking llc	409 87th place chicago il	us	>> #thompsonstaking	87RD PLACE, CHICAGOCDP, IL	US	thompsonstaking	87rd place chicagocdp il	us	8,10	shared key exists but block exceeded configured pair budget or retrieval stage did not complete
S1-595831074	S2-499838571	2	Ram Services Limited	17, Vrundavan Society, Opp. Shinde School Sahakarnagar, Pune, Maharashtra	India	ram services limited	17 vrundavan society opp shinde school sahakarnagar pune maharashtra	india	राम सर्विसेज लिमिटेड	18, PUNE, महाराष्ट्र	India	राम सर्विसेज लिमिटेड	18 pune महाराष्ट्र	india	8	shared key exists but block exceeded configured pair budget or retrieval stage did not complete
S1-598542518	S2-845767978	2	Williams United Systems LLC	4004 Triple Crown Circle, Tuscaloosa, AL	US	williams united systems llc	4004 triple crown circle tuscaloosa al	us	williamsunitedsystems.com	TUSCALOOOSA, AL, 04004 TRIPLE CROWN CIRCLE	US	williamsunitedsystems com	tuscalooosa al 04004 triple crown circle	us	8,10	shared key exists but block exceeded configured pair budget or retrieval stage did not complete
S1-606068532	S3-218797269	3	Green Agro Private Limited	1St Floor, Block No.165, Plot No. 8, Royal Township Puna Kumbhariya Road, Near Balaji Transp, Ort Saroli, Surat, Gujarat	India	green agro private limited	1st floor block no 165 plot no 8 royal township puna kumbhariya road near balaji transp ort saroli surat gujarat	india	greenagr0.com	No 1S Floor, Surat, GJ	India	greenagr0 com	no 1s floor surat gj	india	8,10	shared key exists but block exceeded configured pair budget or retrieval stage did not complete
S1-609776669	S2-227763422	2	Hari Technologies Private Limited	15 Parthasarathy Gardens, Tamil Nadu, Alwarpet, Chennai	India	hari technology private limited	15 parthasarathy gardens tamil nadu alwarpet chennai	india	ஹரி டெக்னாலஜீஸ் பிரைவேட் லிமிடெட்	NO 15 PARTHASRAATHY GARDENS, CHENNAI, Tamil Nadu	India	ஹரி டெக்னாலஜீஸ் பிரைவேட் லிமிடெட்	no 15 parthasraathy gardens chennai tamil nadu	india	8,12	shared key exists but block exceeded configured pair budget or retrieval stage did not complete
S1-611906860	S2-283750486	2	Seven Producer Private Limited	301/A-3Rd Floor, Wall Street- 1, Near Railway Crossing, Opp. Orient Club, Ellisbridge, Ahmedabad, Gujarat	India	seven producer private limited	301 a 3rd floor wall street 1 near railway crossing opp orient club ellisbridge ahmedabad gujarat	india	સેવન પ્રોડ્યુસર પ્રાઇવેટ લિમિટેડ	301/A-3RD FLOOR, <NULL>, AHMEDABAD, ગુજરાત	India	સેવન પ્રોડ્યુસર પ્રાઇવેટ લિમિટેડ	301 a 3rd floor null ahmedabad ગુજરાત	india	8,12	shared key exists but block exceeded configured pair budget or retrieval stage did not complete
S1-613457159	S2-206735484	2	Bright Consultancy Limited	33, Lok Nayak Apartments Sector-9, New Delhi, North Delhi, Delhi	India	bright consultancy limited	33 lok nayak apartments sector 9 new delhi north delhi delhi	india	ब्राइट कंसल्टेंसी लिमिटेड	A-33, NEW DELHI, NORTH DELHI, Delhi	India	ब्राइट कंसल्टेंसी लिमिटेड	a 33 new delhi north delhi delhi	india	8,12	shared key exists but block exceeded configured pair budget or retrieval stage did not complete
S1-640030507	S2-945098051	2	Great Food Private Limited	Office No 7, Floor Ground Plot 385, Pine Building Barrister Nath Pai Marg Mazgaon, Mumbai, Maharashtra	India	great food private limited	office no 7 floor ground plot 385 pine building barrister nath pai marg mazgaon mumbai maharashtra	india	ग्रेट फूड प्राइवेट लिमिटेड	NO 121 OFFICE NO 7, MUMBAI, महाराष्ट्र	India	ग्रेट फूड प्राइवेट लिमिटेड	no 121 office no 7 mumbai महाराष्ट्र	india	8,12	shared key exists but block exceeded configured pair budget or retrieval stage did not complete
S1-642071168	S2-998532634	2	Shree Global Private Limited	Pl -35, S No 24 25 Shikshak Nagar Wanwadi, Pune, Maharashtra, Pune	India	shree global private limited	pl 35 s no 24 25 shikshak nagar wanwadi pune maharashtra pune	india	श्री ग्लोबल प्राइवेट लिमिटेड	PL -3-5, PUNE, Maharashtra	India	श्री ग्लोबल प्राइवेट लिमिटेड	pl 3 5 pune maharashtra	india	8	shared key exists but block exceeded configured pair budget or retrieval stage did not complete
S1-647278512	S3-327224962	3	Liberty Deli	IA, Urbandale, 7608 Prairie Avenue	US	liberty deli	ia urbandale 7608 prairie avenue	us	Liberty Ddberi		US	liberty ddberi		us	6,7,10	shared key exists but block exceeded configured pair budget or retrieval stage did not complete
S1-662712951	S2-59059866	2	Sree Universal Power	Shop No Gb-47, Lake City Mall, Bkapurbavadi, G B Road, Thane, Maharashtra	India	sree universal power	shop no gb 47 lake city mall bkapurbavadi g b road thane maharashtra	india	श्री यूनिवर्सल पावर	SHOP NO GB-47, THANE, महाराष्ट्र	India	श्री यूनिवर्सल पावर	shop no gb 47 thane महाराष्ट्र	india	8,12	shared key exists but block exceeded configured pair budget or retrieval stage did not complete
S1-664831217	S2-161812437	2	Jai Healthcare	Sumadhura, Vasantham, Sonnenahalli, Flat No. 408, Karnataka, Bangalore	India	jai healthcare	sumadhura vasantham sonnenahalli flat no 408 karnataka bangalore	india	ಜೈ ಹೆಲ್ತ್‌ಕೇರ್	FAT NO. 08, BENGALURU, BANGALORE, Karnataka	India	ಜೈ ಹೆಲ್ತ್‌ಕೇರ್	fat no 08 bengaluru bangalore karnataka	india	8	shared key exists but block exceeded configured pair budget or retrieval stage did not complete
S1-682804267	S2-469052107	2	North Construction LLP	C/O Shyam Lal Gupta, Bhopa Bazar Chauri Chaura, Gorakhpur, Uttar Pradesh	India	north construction limited liability partnership	c o shyam lal gupta bhopa bazar chauri chaura gorakhpur uttar pradesh	india	नॉर्थ कंस्ट्रक्शन एलएलपी	C/O SYHAM LAL GUPTA, GORAKHPUR, RAGHAVPUR, Uttar Pradesh	India	नॉर्थ कंस्ट्रक्शन एलएलपी	c o syham lal gupta gorakhpur raghavpur uttar pradesh	india	8	shared key exists but block exceeded configured pair budget or retrieval stage did not complete
S1-689226520	S2-49537797	2	Internal Medicine Cascade Associates	2100 Loop, TX, Houston	US	internal medicine cascade associates	2100 loop tx houston	us	@INTERNALMEDICINE	2100A LOOP, HOUUSTON, TX	US	internalmedicine	2100a loop houuston tx	us	8,10	shared key exists but block exceeded configured pair budget or retrieval stage did not complete
S1-697807994	S2-970370320	2	Ss Enterprises Private Limited	Ghaziabad, Uttar Pradesh, Gopal Palace Maliwara Chowk, 302, Ghaziabad	India	ss enterprises private limited	ghaziabad uttar pradesh gopal palace maliwara chowk 302 ghaziabad	india	एसएस एंटरप्राइजेज प्राइवेट लिमिटेड	PLOT 310 302, Uttar Pradesh, GHAZIABAD	India	एसएस एंटरप्राइजेज प्राइवेट लिमिटेड	plot 310 302 uttar pradesh ghaziabad	india	8,12	shared key exists but block exceeded configured pair budget or retrieval stage did not complete
S1-697881188	S3-832909419	3	Innovative Power Pvt Ltd	Vraj Vihar Tower, Opp. Aryavrat Bunglows, B/H Someshwara-2, Satellite, 801, Ahmedabad, Gujarat, Ahmadabad City	India	innovative power private limited	vraj vihar tower opp aryavrat bunglows b h someshwara 2 satellite 801 ahmedabad gujarat ahmadabad city	india	ઇનોવેટિવ પાવર પ્રા. લિ.	80, null, Ahmadabad City, Ahmedabad, GJ	India	ઇનોવેટિવ પાવર પ્રા લિ	80 null ahmadabad city ahmedabad gj	india	8	shared key exists but block exceeded configured pair budget or retrieval stage did not complete
S1-697881188	S3-90987935	3	Innovative Power Pvt Ltd	Vraj Vihar Tower, Opp. Aryavrat Bunglows, B/H Someshwara-2, Satellite, 801, Ahmedabad, Gujarat, Ahmadabad City	India	innovative power private limited	vraj vihar tower opp aryavrat bunglows b h someshwara 2 satellite 801 ahmedabad gujarat ahmadabad city	india	Inn0vative Power Pvt Ltd	80, null, GJ	India	inn0vative power private limited	80 null gj	india	6,7,10	shared key exists but block exceeded configured pair budget or retrieval stage did not complete
S1-701678903	S3-119625131	3	Vision Engineering Private Limited	Shop No. 3, Oshiwara Link Way Chsl New Link Road Extention, Andheri West, Mumbai, Mumbai City, Maharashtra	India	vision engineering private limited	shop no 3 oshiwara link way chsl new link road extention andheri west mumbai mumbai city maharashtra	india	विजन इंजीनियरिंग प्राइवेट लिमिटेड	No 3, Mumbai City, Bombay, MH	India	विजन इंजीनियरिंग प्राइवेट लिमिटेड	no 3 mumbai city bombay mh	india	8,12	shared key exists but block exceeded configured pair budget or retrieval stage did not complete
S1-70620039	S2-334439571	2	Smith Dental Associates	1173 Colfax Road, Fairmont, WV	US	smith dental associates	1173 colfax road fairmont wv	us	Smith Déntal Ássociates		US	smith déntal ássociates		us	6,7,10	shared key exists but block exceeded configured pair budget or retrieval stage did not complete
S1-713015230	S2-500471970	2	Ram Business Private Limited	Sr. No. 48/2, Plot No.8, Nr Rupee Bank, Nagar Road, Pune City, Pune, Maharashtra	India	ram business private limited	sr no 48 2 plot no 8 nr rupee bank nagar road pune city pune maharashtra	india	राम बिजनेस प्राइवेट लिमिटेड	SR. NO. G-48/2, PUNE CITY, PUNE, Maharashtra	India	राम बिजनेस प्राइवेट लिमिटेड	sr no g 48 2 pune city pune maharashtra	india	8,12	shared key exists but block exceeded configured pair budget or retrieval stage did not complete
S1-713264352	S2-552883798	2	Red Om It Private Limited	No 2A, Subpasha Avinuyu Kovilambakkam, Chennai, Kancheepuram, Tamil Nadu	India	red om it private limited	no 2a subpasha avinuyu kovilambakkam chennai kancheepuram tamil nadu	india	ரெட் ஓம் ஐடி பிரைவேட் லிமிடெட்	NO 2A, Tamil Nadu, KANCHEEPURAM, CHENNAI	India	ரெட் ஓம் ஐடி பிரைவேட் லிமிடெட்	no 2a tamil nadu kancheepuram chennai	india	8	shared key exists but block exceeded configured pair budget or retrieval stage did not complete
S1-713264352	S2-941284083	2	Red Om It Private Limited	No 2A, Subpasha Avinuyu Kovilambakkam, Chennai, Kancheepuram, Tamil Nadu	India	red om it private limited	no 2a subpasha avinuyu kovilambakkam chennai kancheepuram tamil nadu	india	ரெட் ஓம் ஐடி பிரைவேட் லிமிடெட்	NO 2A, CHENNAI, KANCHEEPURAM, Tamil Nadu	India	ரெட் ஓம் ஐடி பிரைவேட் லிமிடெட்	no 2a chennai kancheepuram tamil nadu	india	8	shared key exists but block exceeded configured pair budget or retrieval stage did not complete
S1-721431098	S3-478740633	3	Mountain Fund	800 Wolf Ranch Parkway, Unit 14105, Georgetown, TX	US	mountain fund	800 wolf ranch parkway unit 14105 georgetown tx	us	Mountain Fndt		US	mountain fndt		us	6,7,10	shared key exists but block exceeded configured pair budget or retrieval stage did not complete
S1-73407193	S3-484724144	3	Para & Associates	1410, 'E' Block, Aecs Layout Kundalahalli, Marathahalli Post, Bangalore, Karnataka	India	para associates	1410 e block aecs layout kundalahalli marathahalli post bangalore karnataka	india	Sri páraassociates.com	14-10, Bangalore, ಕರ್ನಾಟಕ	India	sri páraassociates com	14 10 bangalore ಕರ್ನಾಟಕ	india	8	shared key exists but block exceeded configured pair budget or retrieval stage did not complete
S1-737589019	S3-906801691	3	Great Consulting Private Limited	New Delhi, Delhi, Hauz Khas, K-102, South Delhi	India	great consulting private limited	new delhi delhi hauz khas k 102 south delhi	india	ग्रेट कंसल्टिंग प्राइवेट लिमिटेड	K-b3/102, New Delhi, दिल्ली	India	ग्रेट कंसल्टिंग प्राइवेट लिमिटेड	k b3 102 new delhi दिल्ली	india	8,12	shared key exists but block exceeded configured pair budget or retrieval stage did not complete
S1-751963641	S3-965573057	3	Agro Mz Services Pvt. Ltd.	D/304, Arihant Plaza, Opp. Ganesh Dwar, Opp. Ozone Chenpur Gam Road, New Ranip, Ahmedabad, Gujarat	India	agro mz services private limited	d 304 arihant plaza opp ganesh dwar opp ozone chenpur gam road new ranip ahmedabad gujarat	india	Agro Mz Srivces Pvt. Ltd. | www.agromzsr.com		India	agro mz srivces private limited www agromzsr com		india	6,7,10	shared key exists but block exceeded configured pair budget or retrieval stage did not complete
S1-773354190	S2-430961407	2	Gold Trading Private Limited	Bangalore South, Bangalore, Karnataka, K. No 46, 70/2, Maragondanahalli, Anekal	India	gold trading private limited	bangalore south bangalore karnataka k no 46 70 2 maragondanahalli anekal	india	ಗೋಲ್ಡ್ ಟ್ರೇಡಿಂಗ್ ಪ್ರೈವೇಟ್ ಲಿಮಿಟೆಡ್	K. NO 46, BANGALORE SOUTH, ಕರ್ನಾಟಕ	India	ಗೋಲ್ಡ್ ಟ್ರೇಡಿಂಗ್ ಪ್ರೈವೇಟ್ ಲಿಮಿಟೆಡ್	k no 46 bangalore south ಕರ್ನಾಟಕ	india	8,12	shared key exists but block exceeded configured pair budget or retrieval stage did not complete
S1-776420280	S3-247061270	3	Tech International Private Limited	Plot No.118, Mye Villas Sy.No.33/12, Fci Godown Road, Nacharam, Uppal, K.V.Rangareddy, Telangana	India	technology international private limited	plot no 118 mye villas sy no 33 12 fci godown road nacharam uppal k v rangareddy telangana	india	Tech Ínternational Private Limited		India	technology ínternational private limited		india	6,7,10	shared key exists but block exceeded configured pair budget or retrieval stage did not complete
S1-781766433	S3-603195561	3	Bah Mutual Pvt Ltd	Bah, Agra, Uttar Pradesh, C/O Sri Man Behari Vill, Bholpura Dhamota Barauli	India	bah mutual private limited	bah agra uttar pradesh c o sri man behari vill bholpura dhamota barauli	india	bahmutual.com	Plot 766 C/o Sri Man Behari Vill, Agra, Bah, उत्तर प्रदेश	India	bahmutual com	plot 766 c o sri man behari vill agra bah उत्तर प्रदेश	india	8	shared key exists but block exceeded configured pair budget or retrieval stage did not complete
S1-786005321	S3-673964496	3	Eastern Impex Private Limited	Bl - N, Fl - 7, Sn - 7 / 1, Ph - Iv, Konark Pooram, Kondhwa Kd, Pune, Maharashtra	India	eastern impex private limited	bl n fl 7 sn 7 1 ph iv konark pooram kondhwa kd pune maharashtra	india	ईस्टर्न इम्पेक्स प्राइवेट लिमिटेड	Hn 688 Bl - N, NULL, Pune, MH	India	ईस्टर्न इम्पेक्स प्राइवेट लिमिटेड	hn 688 bl n null pune mh	india	8	shared key exists but block exceeded configured pair budget or retrieval stage did not complete
S1-800449781	S2-433402165	2	Tirupati Sunrise Developers Limited	E7, Infocity Chandaka Industrial Estate, Bhubaneswar, Khordha, Orissa	India	tirupati sunrise developers limited	e7 infocity chandaka industrial estate bhubaneswar khordha orissa	india	ତିରୁପତି ସନ୍‌ରାଇଜ୍ ଡେଭଲପର୍ସ୍ ଲିମିଟେଡ୍	E7, KHORDHA, ଓଡ଼ିଶା	India	ତିରୁପତି ସନ୍‌ରାଇଜ୍ ଡେଭଲପର୍ସ୍ ଲିମିଟେଡ୍	e7 khordha ଓଡ଼ିଶା	india	8	shared key exists but block exceeded configured pair budget or retrieval stage did not complete
S1-805090003	S2-579299906	2	Krishna Power	C/O Ajay Sharma, S/O Omkar Gautam Nagar, Near Gaj R, Rewari, Haryana	India	krishna power	c o ajay sharma s o omkar gautam nagar near gaj r rewari haryana	india	कृष्ण पावर	BLOCK C-988 C/O AJAY SHARMA, REWARI, हरियाणा	India	कृष्ण पावर	block c 988 c o ajay sharma rewari हरियाणा	india	8	shared key exists but block exceeded configured pair budget or retrieval stage did not complete
S1-822370248	S3-546028831	3	Pacific Foundation	7260 Creekbend Drive, Pendleton, NY	US	pacific foundation	7260 creekbend drive pendleton ny	us	Pacific | www.pacific.com		US	pacific www pacific com		us	6,7,10	shared key exists but block exceeded configured pair budget or retrieval stage did not complete
S1-822914400	S2-748486447	2	Supreme America	1209 Fair Avenue, Pana, IL	US	supreme america	1209 fair avenue pana il	us	Supreme Ámerica	1202 FAIR AVE, PAANA, IL	US	supreme ámerica	1202 fair avenue paana il	us	6,7,8,10	shared key exists but block exceeded configured pair budget or retrieval stage did not complete
S1-831482300	S3-181583934	3	International Royal International Private Limited	H.No-12-4-18, Sri Sarada Nilayam, Narasaraopet, Guntur, Andhra Pradesh	India	international royal international private limited	h no 12 4 18 sri sarada nilayam narasaraopet guntur andhra pradesh	india	International Rgtla International Private Limited	Hn 952 H.no-12-4-18, N/A, Narasaraopeta, AP	India	international rgtla international private limited	hn 952 h no 12 4 18 n a narasaraopeta ap	india	12	shared key exists but block exceeded configured pair budget or retrieval stage did not complete
S1-832617136	S3-906707696	3	Gujarat Hospitality Private Limited	Shop No.2, H.1031 Jija Mata Road Sona Sankul, Nashik, 1St Floor, Maharashtra, Nashik	India	gujarat hospitality private limited	shop no 2 h 1031 jija mata road sona sankul nashik 1st floor maharashtra nashik	india	गुजरात हॉस्पिटैलिटी प्राइवेट लिमिटेड	1St Floor, Nashik, MH	India	गुजरात हॉस्पिटैलिटी प्राइवेट लिमिटेड	1st floor nashik mh	india	8	shared key exists but block exceeded configured pair budget or retrieval stage did not complete
S1-848766993	S2-68125772	2	Education Guild	11924 Lochwood Boulevard, Dallas, TX	US	education guild	11924 lochwood boulevard dallas tx	us	Education Center	011924 LOCHWOOD BOULEVARD, N/A, DALLA STOWNSHIP, TX	US	education center	011924 lochwood boulevard n a dalla stownship tx	us	6,7,8,10	shared key exists but block exceeded configured pair budget or retrieval stage did not complete
S1-850446931	S2-557634773	2	Oncology Clinic LLC	8379 Piney Orchard Parkway, Unit D, Odenton, MD	US	oncology clinic llc	8379 piney orchard parkway unit d odenton md	us	ONCOLOGY CLÍNIC LLC		US	oncology clínic llc		us	6,7,10	shared key exists but block exceeded configured pair budget or retrieval stage did not complete
S1-850976596	S2-34158856	2	Augustina Garcia Spade, LLC	3227 Washington Street, Unit 2, Boston, MA	US	augustina garcia spade llc	3227 washington street unit 2 boston ma	us	augustinagarciaspade.com	3227A WASHINGTON ST, null, JAMAICA PLAIN, MA	US	augustinagarciaspade com	3227a washington street null jamaica plain ma	us	8,10	shared key exists but block exceeded configured pair budget or retrieval stage did not complete
S1-853616728	S3-689309268	3	Baba Business Private Limited	1St Floor, Maas Commercial Building Trikkav, Po - Ponnani, Malappuram-Dt, Malappuram, Malappuram, Malapuram, Kerala	India	baba business private limited	1st floor maas commercial building trikkav po ponnani malappuram dt malappuram malappuram malapuram kerala	india	ബാബ ബിസിനസ് പ്രൈവറ്റ് ലിമിറ്റഡ്	1St Floor, Malappuram, Malapuram, KL	India	ബാബ ബിസിനസ് പ്രൈവറ്റ് ലിമിറ്റഡ്	1st floor malappuram malapuram kl	india	8	shared key exists but block exceeded configured pair budget or retrieval stage did not complete
S1-857270722	S3-906622435	3	Om Ventures Private Limited	17A, (Wd80), Zone 5, Thyagi Sankaralinganar St, Madurai South, Madurai, Tamil Nadu	India	om ventures private limited	17a wd80 zone 5 thyagi sankaralinganar street madurai south madurai tamil nadu	india	Om Vtenturs Private Limited	Madurai South, TN, 17A, Madurai	India	om vtenturs private limited	madurai south tn 17a madurai	india	8	shared key exists but block exceeded configured pair budget or retrieval stage did not complete
S1-858982099	S3-627041581	3	Black Logistics LLP	No: 1/43, Race Course Road Kajamalai, Trichy, Tiruchirappalli, Tamil Nadu	India	black logistics limited liability partnership	no 1 43 race course road kajamalai trichy tiruchirappalli tamil nadu	india	பிளாக் லாஜிஸ்டிக்ஸ் எல்எல்பி	Block A-846 No: 1/43, Tiruchirappalli, தமிழ்நாடு	India	பிளாக் லாஜிஸ்டிக்ஸ் எல்எல்பி	block a 846 no 1 43 tiruchirappalli தமிழ்நாடு	india	8,12	shared key exists but block exceeded configured pair budget or retrieval stage did not complete
S1-861349356	S2-684925355	2	Golden Constructions	2A G.C. Avenue, Kolkata, Calcutta, West Bengal	India	golden constructions	2a g c avenue kolkata calcutta west bengal	india	গোল্ডেন কনস্ট্রাকশনস	PIFA BAZAR NORTH TWENTY FOUR  PARGANAS, KOLKATA, পশ্চিমবঙ্গ, #2A G.C. AVENUE	India	গোল্ডেন কনস্ট্রাকশনস	pifa bazar north twenty four parganas kolkata পশ্চিমবঙ্গ 2a g c avenue	india	8	shared key exists but block exceeded configured pair budget or retrieval stage did not complete
S1-862542851	S2-448931113	2	Aditya Consultants	102, Ambaji Niketan Chs Ltd. Plot No. 20 Road No. 4, Pestom Sagar, Mumbai, Mumbai City, Maharashtra	India	aditya consultants	102 ambaji niketan chs ltd plot no 20 road no 4 pestom sagar mumbai mumbai city maharashtra	india	आदित्य कंसल्टेंट्स	102, MUMBAI, MUMBAI CITY, Maharashtra	India	आदित्य कंसल्टेंट्स	102 mumbai mumbai city maharashtra	india	8,12	shared key exists but block exceeded configured pair budget or retrieval stage did not complete
S1-866635525	S3-264286713	3	Global Healthcare Pvt Ltd	2A, Merzban Apartment, Anjali Co. Op. Hou. Society Shahaji Raje Road, Koldongri, Ville Parl, E (E), Mumbai, Mumbai City, Maharashtra	India	global healthcare private limited	2a merzban apartment anjali co op hou society shahaji raje road koldongri ville parl e e mumbai mumbai city maharashtra	india	M/s Global Pvt Ltd Center	2A, Mumbai, Mumbai (SUBURBAN), महाराष्ट्र	India	m s global private limited center	2a mumbai mumbai suburban महाराष्ट्र	india	8	shared key exists but block exceeded configured pair budget or retrieval stage did not complete
S1-886068115	S3-49710851	3	Hotel Projects Pvt Ltd	Sector - 1, Salt Lake City, North 24 Parganas, Saltlake, West Bengal, Ae -494	India	hotel projects private limited	sector 1 salt lake city north 24 parganas saltlake west bengal ae 494	india	হোটেল প্রজেক্টস প্রাইভেট লিমিটেড	Ae -94, North 24 Parganas, WB	India	হোটেল প্রজেক্টস প্রাইভেট লিমিটেড	ae 94 north 24 parganas wb	india	8,12	shared key exists but block exceeded configured pair budget or retrieval stage did not complete
S1-895858637	S3-992341899	3	Vision Constructions Private Limited	606 B-Wing, Everest Chambers, Marol Naka Ak Rd, Andheri East, Mumbai, Mumbai City, Maharashtra	India	vision constructions private limited	606 b wing everest chambers marol naka ak road andheri east mumbai mumbai city maharashtra	india	Visi0n Constructions Private  Limited		India	visi0n constructions private limited		india	6,7,10	shared key exists but block exceeded configured pair budget or retrieval stage did not complete
S1-905609035	S2-258730821	2	QR Brothers Private Limited	39/3, Vasaga Salai St, P.Pet, Salem, Tamil Nadu	India	qr brothers private limited	39 3 vasaga salai street p pet salem tamil nadu	india	QR Private Limited Services		India	qr private limited services		india		no shared generated retrieval key
S1-912576916	S2-570493783	2	W 8 Precision Mobile	141 Beach Road, Unit 21, Salisbury, MA	US	w 8 precision mobile	141 beach road unit 21 salisbury ma	us	W 8		US	w 8		us		no shared generated retrieval key
S1-982921700	S2-869502263	2	IPD Funds Private Limited	2, Ff, Krishna Complex, Ms, 1/13, Sector-A, Ram Ram, Lucknow, Uttar Pradesh	India	ipd funds private limited	2 ff krishna complex ms 1 13 sector a ram ram lucknow uttar pradesh	india	-- ipdfundscom	##2, LUCKNOW, उत्तर प्रदेश	India	ipdfundscom	2 lucknow उत्तर प्रदेश	india	8,12	shared key exists but block exceeded configured pair budget or retrieval stage did not complete
S1-986851701	S2-611602843	2	HE International Limited	Kundan Nagar, Model Town, Punjab, Ludhiana, 3770/1, Ludhiana	India	he international limited	kundan nagar model town punjab ludhiana 3770 1 ludhiana	india	Limited HE Internationa1	3768/1, null, LUDHIANA, Punjab	India	limited he internationa1	3768 1 null ludhiana punjab	india	8,12	shared key exists but block exceeded configured pair budget or retrieval stage did not complete
S1-991501850	S3-38684194	3	Seven Ventures Private Limited	4Th Floor, Mount View Building, Door No.111A Annasalai, Guindy, Chennai, Tamil Nadu	India	seven ventures private limited	4th floor mount view building door no 111a annasalai guindy chennai tamil nadu	india	செவன் வென்ச்சர்ஸ் பிரைவேட் லிமிடெட்	4Th Floor, Chennai, TN	India	செவன் வென்ச்சர்ஸ் பிரைவேட் லிமிடெட்	4th floor chennai tn	india	8	shared key exists but block exceeded configured pair budget or retrieval stage did not complete
