category	detail	source1_entity_id	target_entity_id	source_id	raw_s1_name	raw_target_name	clean_s1_name	clean_target_name	raw_s1_address	raw_target_address	clean_s1_address	clean_target_address	raw_s1_country	raw_target_country	shared_key_kinds	shared_blocks	current_s1_candidate_count	normalized_name_WRatio
oversized_block_budget_suppression	Shared generated retrieval keys exist, but every direct retrieval-family block for this pair is over the configured 50,000-pair limit.	S1-101808393	S3-831226768	3	Williams Silicon LLC	Williams Siliino LLC	williams silicon llc	williams siliino llc	338 Vance Avenue, Fair Grove, MO		338 vance avenue fair grove mo		US	US	6,7,10	"[{""kind"":6,""reference_df"":248,""target_df"":375,""pair_product"":93000,""within_budget"":false},{""kind"":7,""reference_df"":248,""target_df"":375,""pair_product"":93000,""within_budget"":false},{""kind"":10,""reference_df"":36,""target_df"":64,""pair_product"":2304,""within_budget"":true},{""kind"":10,""reference_df"":371,""target_df"":616,""pair_product"":228536,""within_budget"":false}]"	141	90.0
address_token_not_selected_as_informative	Raw address-token overlap exists, but the token was not selected into the informative address-token retrieval family.	S1-104786845	S2-598592918	2	High Finance Private Limited	हाई फाइनेंस प्राइवेट लिमिटेड	high finance private limited	हाई फाइनेंस प्राइवेट लिमिटेड	Badaun, Post Bairmai Khurd Tehsil Bilsi, C/O - Suneel Kumar Vill Girdharpur, Uttar Pradesh	C/O - SUNEEL KUMAR VILL GIRDHARPUR, BADAUN, उत्तर प्रदेश	badaun post bairmai khurd tehsil bilsi c o suneel kumar vill girdharpur uttar pradesh	c o suneel kumar vill girdharpur badaun उत्तर प्रदेश	India	India	8	"[{""kind"":8,""reference_df"":12,""target_df"":19,""pair_product"":228,""within_budget"":true},{""kind"":8,""reference_df"":392,""target_df"":738,""pair_product"":289296,""within_budget"":false},{""kind"":8,""reference_df"":2,""target_df"":1,""pair_product"":2,""within_budget"":true},{""kind"":8,""reference_df"":1,""target_df"":6,""pair_product"":6,""within_budget"":true},{""kind"":8,""reference_df"":439,""target_df"":724,""pair_product"":317836,""within_budget"":false}]"	220	10.71428571428571
oversized_block_budget_suppression	Shared generated retrieval keys exist, but every direct retrieval-family block for this pair is over the configured 50,000-pair limit.	S1-111220253	S2-505328569	2	SA Multiple Private Limited	Limited SA Private Services	sa multiple private limited	limited sa private services	4-B, Hansalaya, 15, Barakhambaroad, New Delhi, Delhi	NEW DELHI, 4-B, Delhi	4 b hansalaya 15 barakhambaroad new delhi delhi	new delhi 4 b delhi	India	India	8,12	"[{""kind"":8,""reference_df"":5132,""target_df"":12966,""pair_product"":66541512,""within_budget"":false},{""kind"":8,""reference_df"":5690,""target_df"":10211,""pair_product"":58100590,""within_budget"":false},{""kind"":12,""reference_df"":1798,""target_df"":3556,""pair_product"":6393688,""within_budget"":false}]"	7	76.0
oversized_block_budget_suppression	Shared generated retrieval keys exist, but every direct retrieval-family block for this pair is over the configured 50,000-pair limit.	S1-117954160	S2-641059184	2	North Business Pvt Ltd	नॉर्थ बिजनेस प्रा. लि.	north business private limited	नॉर्थ बिजनेस प्रा लि	Room No 13, Laxmi Nagar Nr Bedrock Company, Link Road, Goregaon, Mumbai, Mumbai City, Maharashtra	ROM NO 13/4, MUMBAI, MUMBAI CITY, महाराष्ट्र	room no 13 laxmi nagar nr bedrock company link road goregaon mumbai mumbai city maharashtra	rom no 13 4 mumbai mumbai city महाराष्ट्र	India	India	8,12	"[{""kind"":8,""reference_df"":3923,""target_df"":7051,""pair_product"":27661073,""within_budget"":false},{""kind"":8,""reference_df"":6638,""target_df"":12573,""pair_product"":83459574,""within_budget"":false},{""kind"":12,""reference_df"":630,""target_df"":1318,""pair_product"":830340,""within_budget"":false}]"	43	13.500000000000002
address_token_not_selected_as_informative	Raw address-token overlap exists, but the token was not selected into the informative address-token retrieval family.	S1-120829625	S3-212500256	3	Shiv Care Private Limited	சிவ் கேர் பிரைவேட் லிமிடெட்	shiv care private limited	சிவ் கேர் பிரைவேட் லிமிடெட்	Krishna Complex, Plot No 34Poothapedu Main Road Nsc Bose Nagar, Porur, Chennai, Thiruvallur, Tamil Nadu	Thiruvallur, Chennai, TN, Krishna Complex	krishna complex plot no 34poothapedu main road nsc bose nagar porur chennai thiruvallur tamil nadu	thiruvallur chennai tn krishna complex	India	India	8	"[{""kind"":8,""reference_df"":435,""target_df"":678,""pair_product"":294930,""within_budget"":false},{""kind"":8,""reference_df"":1211,""target_df"":1871,""pair_product"":2265781,""within_budget"":false},{""kind"":8,""reference_df"":38,""target_df"":82,""pair_product"":3116,""within_budget"":true},{""kind"":8,""reference_df"":1387,""target_df"":2461,""pair_product"":3413407,""within_budget"":false}]"	191	11.538461538461542
fuzzy_prefix_candidate_not_retrieved	A bounded token-prefix key is shared, but no exact/selected evidence key is shared; fuzzy scoring did not add the pair.	S1-122745024	S2-805398335	2	Cardiology Diamond Specialists	diamondcardiologyspecialists.com	cardiology diamond specialists	diamondcardiologyspecialists com	100 Abbott Park Road, Unit DEPARTMENT 49K, North Chicago, IL	100A ABBOTT PARK ROAD, NORTH CHICAGO, IL	100 abbott park road unit department 49k north chicago il	100a abbott park road north chicago il	US	US	8,10	"[{""kind"":8,""reference_df"":15,""target_df"":18,""pair_product"":270,""within_budget"":true},{""kind"":8,""reference_df"":493,""target_df"":851,""pair_product"":419543,""within_budget"":false},{""kind"":8,""reference_df"":2158,""target_df"":7629,""pair_product"":16463382,""within_budget"":false},{""kind"":8,""reference_df"":2322,""target_df"":3949,""pair_product"":9169578,""within_budget"":false},{""kind"":10,""reference_df"":288,""target_df"":438,""pair_product"":126144,""within_budget"":false}]"	48	67.74193548387098
oversized_block_budget_suppression	Shared generated retrieval keys exist, but every direct retrieval-family block for this pair is over the configured 50,000-pair limit.	S1-12377410	S2-600115417	2	RM Functional Corporation	Iriarc	rm functional corporation	iriarc	No. 56, K No 105, Raghavendra Nagar, 2Nd Cr, Bangalore South, Bangalore, Karnataka	H.NO 56, BANGALORE SOUTH, BANGALORE, Karnataka	no 56 k no 105 raghavendra nagar 2nd cr bangalore south bangalore karnataka	h no 56 bangalore south bangalore karnataka	India	India	8,12	"[{""kind"":8,""reference_df"":2582,""target_df"":4679,""pair_product"":12081178,""within_budget"":false},{""kind"":8,""reference_df"":2654,""target_df"":4101,""pair_product"":10884054,""within_budget"":false},{""kind"":8,""reference_df"":3119,""target_df"":2478,""pair_product"":7728882,""within_budget"":false},{""kind"":12,""reference_df"":191,""target_df"":352,""pair_product"":67232,""within_budget"":false}]"	322	31.090909090909093
oversized_block_budget_suppression	Shared generated retrieval keys exist, but every direct retrieval-family block for this pair is over the configured 50,000-pair limit.	S1-125527550	S2-158687922	2	Sun Global Limited	সান গ্লোবাল লিমিটেড	sun global limited	সান গ্লোবাল লিমিটেড	11, Rasik Lal Banerjee Lane, Bally Jagachha, Howrah, West Bengal	NO 155 11, HOWRAH, পশ্চিমবঙ্গ	11 rasik lal banerjee lane bally jagachha howrah west bengal	no 155 11 howrah পশ্চিমবঙ্গ	India	India	8,12	"[{""kind"":8,""reference_df"":1307,""target_df"":1515,""pair_product"":1980105,""within_budget"":false},{""kind"":12,""reference_df"":887,""target_df"":1663,""pair_product"":1475081,""within_budget"":false}]"	40	10.81081081081081
oversized_block_budget_suppression	Shared generated retrieval keys exist, but every direct retrieval-family block for this pair is over the configured 50,000-pair limit.	S1-129614616	S2-195168157	2	Hitech Developers Pvt Ltd	हाईटेक डेवलपर्स प्रा. लि.	hitech developers private limited	हाईटेक डेवलपर्स प्रा लि	201, Sahyadri, Plot No 31, Sector 21, Nerul, Navi Mumbai, Thane, Maharashtra	201, THANE, Maharashtra	201 sahyadri plot no 31 sector 21 nerul navi mumbai thane maharashtra	201 thane maharashtra	India	India	8,12	"[{""kind"":8,""reference_df"":8710,""target_df"":6948,""pair_product"":60517080,""within_budget"":false},{""kind"":8,""reference_df"":446,""target_df"":592,""pair_product"":264032,""within_budget"":false},{""kind"":8,""reference_df"":1176,""target_df"":1931,""pair_product"":2270856,""within_budget"":false},{""kind"":12,""reference_df"":262,""target_df"":400,""pair_product"":104800,""within_budget"":false}]"	218	10.71428571428571
oversized_block_budget_suppression	Shared generated retrieval keys exist, but every direct retrieval-family block for this pair is over the configured 50,000-pair limit.	S1-144151338	S2-964053924	2	All Investment Limited	ஆல் இன்வெஸ்ட்மெண்ட் லிமிடெட்	all investment limited	ஆல் இன்வெஸ்ட்மெண்ட் லிமிடெட்	Plot 11, Daffodils Flats, 2Nd Floor Earikkarai Strt, Tambaram, Kanchipuram, Tamil Nadu	PLOT 11, KANCHIPURAM, தமிழ்நாடு	plot 11 daffodils flats 2nd floor earikkarai strt tambaram kanchipuram tamil nadu	plot 11 kanchipuram தமிழ்நாடு	India	India	8,12	"[{""kind"":8,""reference_df"":180,""target_df"":233,""pair_product"":41940,""within_budget"":true},{""kind"":8,""reference_df"":3983,""target_df"":6739,""pair_product"":26841437,""within_budget"":false},{""kind"":12,""reference_df"":887,""target_df"":1663,""pair_product"":1475081,""within_budget"":false}]"	12	7.9999999999999964
oversized_block_budget_suppression	Shared generated retrieval keys exist, but every direct retrieval-family block for this pair is over the configured 50,000-pair limit.	S1-184591181	S2-932156339	2	Shakti Foods	ಶಕ್ತಿ ಫುಡ್ಸ್	shakti foods	ಶಕ್ತಿ ಫುಡ್ಸ್	48/49, Vaddarapalya Subramanyapura, Bangalore, Karnataka	48/4, BENGALURU, BANGALORE, Karnataka	48 49 vaddarapalya subramanyapura bangalore karnataka	48 4 bengaluru bangalore karnataka	India	India	8,12	"[{""kind"":8,""reference_df"":2582,""target_df"":4679,""pair_product"":12081178,""within_budget"":false},{""kind"":8,""reference_df"":3119,""target_df"":2478,""pair_product"":7728882,""within_budget"":false},{""kind"":12,""reference_df"":169,""target_df"":394,""pair_product"":66586,""within_budget"":false}]"	210	8.333333333333337
oversized_block_budget_suppression	Shared generated retrieval keys exist, but every direct retrieval-family block for this pair is over the configured 50,000-pair limit.	S1-196267878	S2-931952423	2	Golden Consultancy Private Limited	Mr CIRAAVIVERA	golden consultancy private limited	mr ciraavivera	Gf Shop 22, 23, Sarjan Corp, Platinum Plaza, Unn, Chorasi, Surat, Gujarat	#233- GF SHOP 22, CHORASI, SURAT, ગુજરાત	gf shop 22 23 sarjan corp platinum plaza unn chorasi surat gujarat	233 gf shop 22 chorasi surat ગુજરાત	India	India	8,12	"[{""kind"":8,""reference_df"":1224,""target_df"":1655,""pair_product"":2025720,""within_budget"":false},{""kind"":8,""reference_df"":417,""target_df"":741,""pair_product"":308997,""within_budget"":false},{""kind"":8,""reference_df"":25,""target_df"":33,""pair_product"":825,""within_budget"":true},{""kind"":12,""reference_df"":409,""target_df"":803,""pair_product"":328427,""within_budget"":false}]"	22	34.2
oversized_block_budget_suppression	Shared generated retrieval keys exist, but every direct retrieval-family block for this pair is over the configured 50,000-pair limit.	S1-213218209	S2-684867242	2	Urban Seafood PC	Urban-Sefd PC	urban seafood pc	urban sefd pc	13220 86th Place, Kirkland, WA	86ND PL, KRIKLAND, WA	13220 86th place kirkland wa	86nd pl krikland wa	US	US	6,7,10	"[{""kind"":6,""reference_df"":306,""target_df"":377,""pair_product"":115362,""within_budget"":false},{""kind"":7,""reference_df"":306,""target_df"":377,""pair_product"":115362,""within_budget"":false},{""kind"":10,""reference_df"":308,""target_df"":393,""pair_product"":121044,""within_budget"":false}]"	216	89.65517241379311
oversized_block_budget_suppression	Shared generated retrieval keys exist, but every direct retrieval-family block for this pair is over the configured 50,000-pair limit.	S1-222656983	S3-194383738	3	Balaji Systems Pvt Ltd	बालाजी Systems Pvt Ltd	balaji systems private limited	बालाजी systems private limited	508, 5Th Floor, Ceejay House, Dr Annie Besant Road, Worli, Mumbai, Mumbai City, Maharashtra	0508, MH, Mumbai (SUBURBAN)	508 5th floor ceejay house dr annie besant road worli mumbai mumbai city maharashtra	0508 mh mumbai suburban	India	India	6,7,8,10	"[{""kind"":6,""reference_df"":667,""target_df"":713,""pair_product"":475571,""within_budget"":false},{""kind"":7,""reference_df"":667,""target_df"":713,""pair_product"":475571,""within_budget"":false},{""kind"":8,""reference_df"":3923,""target_df"":7051,""pair_product"":27661073,""within_budget"":false},{""kind"":10,""reference_df"":719,""target_df"":826,""pair_product"":593894,""within_budget"":false}]"	313	82.45283018867924
address_token_not_selected_as_informative	Raw address-token overlap exists, but the token was not selected into the informative address-token retrieval family.	S1-224888768	S2-121767107	2	Star Investments Private Limited	स्टार इन्वेस्टमेंट्स प्राइवेट लिमिटेड	star investments private limited	स्टार इन्वेस्टमेंट्स प्राइवेट लिमिटेड	40, Manga Market, Near Main Post Office, Kalkaji Kalkaji Extension, New Delhi, South West Delhi, Delhi	दिल्ली, SOUTH WEST DELHI, NEW DELHI, 39	40 manga market near main post office kalkaji kalkaji extension new delhi south west delhi delhi	दिल्ली south west delhi new delhi 39	India	India	8	"[{""kind"":8,""reference_df"":5950,""target_df"":7681,""pair_product"":45701950,""within_budget"":false},{""kind"":8,""reference_df"":2654,""target_df"":4101,""pair_product"":10884054,""within_budget"":false},{""kind"":8,""reference_df"":5132,""target_df"":12966,""pair_product"":66541512,""within_budget"":false},{""kind"":8,""reference_df"":5690,""target_df"":10211,""pair_product"":58100590,""within_budget"":false}]"	67	8.695652173913048
fuzzy_prefix_candidate_not_retrieved	A bounded token-prefix key is shared, but no exact/selected evidence key is shared; fuzzy scoring did not add the pair.	S1-22556602	S2-158486419	2	Abramson Digitalbridge	abramsondigitalbridge.com	abramson digitalbridge	abramsondigitalbridge com	415 Bent Way Road, Marble Falls, TX	15 BENT WAY ROAD, MARBLEF ALLS CDP, TX	415 bent way road marble falls tx	15 bent way road marblef alls cdp tx	US	US	8,10	"[{""kind"":8,""reference_df"":1403,""target_df"":2675,""pair_product"":3753025,""within_budget"":false},{""kind"":8,""reference_df"":18,""target_df"":41,""pair_product"":738,""within_budget"":true},{""kind"":10,""reference_df"":13,""target_df"":37,""pair_product"":481,""within_budget"":true}]"	159	89.36170212765957
address_token_not_selected_as_informative	Raw address-token overlap exists, but the token was not selected into the informative address-token retrieval family.	S1-235827905	S3-245041126	3	Sai Infotech Private Limited	साईं इंफोटेक प्राइवेट लिमिटेड	sai infotech private limited	साईं इंफोटेक प्राइवेट लिमिटेड	Patna, Bihar, 709, 7Th Floor, Jagat Trade Centre Maurya Lok, Fraser Road	707, Patna, Boring Road, Patna, BR	patna bihar 709 7th floor jagat trade centre maurya lok fraser road	707 patna boring road patna br	India	India	8	"[{""kind"":8,""reference_df"":439,""target_df"":772,""pair_product"":338908,""within_budget"":false}]"	75	10.526315789473683
no_shared_generated_retrieval_key	No applicable retrieval key was shared after normalization and key selection.	S1-238200430	S2-855633517	2	Global Institute	GLOBAL CENTER	global institute	global center	25700 21, Town Of La Grange, WI		25700 21 town of la grange wi		US	US		[]	60	68.96551724137932
oversized_block_budget_suppression	Shared generated retrieval keys exist, but every direct retrieval-family block for this pair is over the configured 50,000-pair limit.	S1-250720246	S3-278968813	3	Internal Medicine Care Associates	Internal Medicine Cáré Associates	internal medicine care associates	internal medicine cáré associates	230 Dark Hollow Drive, Traphill, NC		230 dark hollow drive traphill nc		US	US	6,7,10,14	"[{""kind"":6,""reference_df"":770,""target_df"":1224,""pair_product"":942480,""within_budget"":false},{""kind"":6,""reference_df"":222,""target_df"":392,""pair_product"":87024,""within_budget"":false},{""kind"":7,""reference_df"":770,""target_df"":1224,""pair_product"":942480,""within_budget"":false},{""kind"":7,""reference_df"":222,""target_df"":392,""pair_product"":87024,""within_budget"":false},{""kind"":10,""reference_df"":1375,""target_df"":2398,""pair_product"":3297250,""within_budget"":false},{""kind"":10,""reference_df"":1645,""target_df"":2656,""pair_product"":4369120,""within_budget"":false},{""kind"":14,""reference_df"":222,""target_df"":355,""pair_product"":78810,""within_budget"":false}]"	251	93.93939393939394
oversized_block_budget_suppression	Shared generated retrieval keys exist, but every direct retrieval-family block for this pair is over the configured 50,000-pair limit.	S1-251321359	S3-604255764	3	White Producer Private Limited	व्हाइट प्रोड्यूसर प्राइवेट लिमिटेड	white producer private limited	व्हाइट प्रोड्यूसर प्राइवेट लिमिटेड	G-18, S/F Preet Vihar Near Fine Dining Restaurant, Delhi, East Delhi, Delhi	Door No A-371 G-18, East Delhi, Delhi, दिल्ली	g 18 s f preet vihar near fine dining restaurant delhi east delhi delhi	door no a 371 g 18 east delhi delhi दिल्ली	India	India	8,12	"[{""kind"":8,""reference_df"":2207,""target_df"":3511,""pair_product"":7748777,""within_budget"":false},{""kind"":8,""reference_df"":5690,""target_df"":10211,""pair_product"":58100590,""within_budget"":false},{""kind"":12,""reference_df"":483,""target_df"":985,""pair_product"":475755,""within_budget"":false}]"	14	9.375
oversized_block_budget_suppression	Shared generated retrieval keys exist, but every direct retrieval-family block for this pair is over the configured 50,000-pair limit.	S1-260564294	S2-892707397	2	Big Consultancy Private Limited	बिग कंसल्टेंसी Private Limited	big consultancy private limited	बिग कंसल्टेंसी private limited	R 20, 3Rd Floor, Gurpreet Nagar Uttam Nagar, Delhi, West Delhi, Delhi	R 20, DELHI, GHAZIABAD, Delhi	r 20 3rd floor gurpreet nagar uttam nagar delhi west delhi delhi	r 20 delhi ghaziabad delhi	India	India	8,12	"[{""kind"":8,""reference_df"":5690,""target_df"":10211,""pair_product"":58100590,""within_budget"":false},{""kind"":12,""reference_df"":441,""target_df"":863,""pair_product"":380583,""within_budget"":false}]"	83	63.33333333333332
oversized_block_budget_suppression	Shared generated retrieval keys exist, but every direct retrieval-family block for this pair is over the configured 50,000-pair limit.	S1-26137165	S2-969235989	2	Vanguard Holdings	Vanguard Hóldings	vanguard holdings	vanguard hóldings	7200 Downing Court, Clarksville, MD	7297 DOWNING CT, CLARKSVLLE CITY, MD	7200 downing court clarksville md	7297 downing ct clarksvlle city md	US	US	6,7,8,10	"[{""kind"":6,""reference_df"":312,""target_df"":448,""pair_product"":139776,""within_budget"":false},{""kind"":7,""reference_df"":312,""target_df"":448,""pair_product"":139776,""within_budget"":false},{""kind"":8,""reference_df"":12,""target_df"":15,""pair_product"":180,""within_budget"":true},{""kind"":10,""reference_df"":316,""target_df"":483,""pair_product"":152628,""within_budget"":false}]"	30	94.11764705882352
oversized_block_budget_suppression	Shared generated retrieval keys exist, but every direct retrieval-family block for this pair is over the configured 50,000-pair limit.	S1-261532491	S2-799015934	2	JB Cluster Private Limited	JB-Cluerter Private Limited	jb cluster private limited	jb cluerter private limited	#102, 1St Floor, Dutt Island Siripuram Jn., Vishakhapatnam, Andhra Pradesh	1ST FLOOR, #102, VISHAKHAPATNAM, Andhra Pradesh	102 1st floor dutt island siripuram jn vishakhapatnam andhra pradesh	1st floor 102 vishakhapatnam andhra pradesh	India	India	8,12	"[{""kind"":8,""reference_df"":5150,""target_df"":5056,""pair_product"":26038400,""within_budget"":false},{""kind"":8,""reference_df"":426,""target_df"":650,""pair_product"":276900,""within_budget"":false},{""kind"":8,""reference_df"":1643,""target_df"":2219,""pair_product"":3645817,""within_budget"":false},{""kind"":8,""reference_df"":7569,""target_df"":11884,""pair_product"":89949996,""within_budget"":false},{""kind"":8,""reference_df"":810,""target_df"":1604,""pair_product"":1299240,""within_budget"":false},{""kind"":8,""reference_df"":170,""target_df"":225,""pair_product"":38250,""within_budget"":true},{""kind"":12,""reference_df"":256,""target_df"":439,""pair_product"":112384,""within_budget"":false}]"	21	94.33962264150944
oversized_block_budget_suppression	Shared generated retrieval keys exist, but every direct retrieval-family block for this pair is over the configured 50,000-pair limit.	S1-267289006	S2-135998383	2	Smart Services Private Limited	స్మార్ట్ సర్వీసెస్ ప్రైవేట్ లిమిటెడ్	smart services private limited	స్మార్ట్ సర్వీసెస్ ప్రైవేట్ లిమిటెడ్	1-12-16, Chakali Street, Vizianagaram Contonment, Vizianagaram, Andhra Pradesh	VIZIANAGARAM, Andhra Pradesh, 1-12-16	1 12 16 chakali street vizianagaram contonment vizianagaram andhra pradesh	vizianagaram andhra pradesh 1 12 16	India	India	8,12	"[{""kind"":8,""reference_df"":5150,""target_df"":5056,""pair_product"":26038400,""within_budget"":false},{""kind"":8,""reference_df"":810,""target_df"":1604,""pair_product"":1299240,""within_budget"":false},{""kind"":8,""reference_df"":18,""target_df"":33,""pair_product"":594,""within_budget"":true},{""kind"":12,""reference_df"":4645,""target_df"":8004,""pair_product"":37178580,""within_budget"":false},{""kind"":12,""reference_df"":617,""target_df"":1155,""pair_product"":712635,""within_budget"":false},{""kind"":12,""reference_df"":786,""target_df"":1590,""pair_product"":1249740,""within_budget"":false}]"	55	9.090909090909093
oversized_block_budget_suppression	Shared generated retrieval keys exist, but every direct retrieval-family block for this pair is over the configured 50,000-pair limit.	S1-268435334	S2-858257614	2	Vision Estate Private Limited	വിഷൻ എസ്റ്റേറ്റ് പ്രൈവറ്റ് ലിമിറ്റഡ്	vision estate private limited	വിഷൻ എസ്റ്റേറ്റ് പ്രൈവറ്റ് ലിമിറ്റഡ്	12/373 G, Kozhikode, Thottathil, Valiyaparamba, Kerala	12/37 G, CALICUT, Kerala	12 373 g kozhikode thottathil valiyaparamba kerala	12 37 g calicut kerala	India	India	8,12	"[{""kind"":8,""reference_df"":1631,""target_df"":1040,""pair_product"":1696240,""within_budget"":false},{""kind"":12,""reference_df"":786,""target_df"":1590,""pair_product"":1249740,""within_budget"":false}]"	51	9.230769230769232
oversized_block_budget_suppression	Shared generated retrieval keys exist, but every direct retrieval-family block for this pair is over the configured 50,000-pair limit.	S1-270053163	S2-623375302	2	Innovative Enterprises	इनोवेटिव एंटरप्राइजेज	innovative enterprises	इनोवेटिव एंटरप्राइजेज	302, Ild Trade Centre, Sec-47, Sohna Road, Gurgaon, Haryana	302, GURUGRAM, GURGAON, Haryana	302 ild trade centre sec 47 sohna road gurgaon haryana	302 gurugram gurgaon haryana	India	India	8,12	"[{""kind"":8,""reference_df"":327,""target_df"":456,""pair_product"":149112,""within_budget"":false},{""kind"":8,""reference_df"":790,""target_df"":1148,""pair_product"":906920,""within_budget"":false},{""kind"":8,""reference_df"":1641,""target_df"":1329,""pair_product"":2180889,""within_budget"":false},{""kind"":12,""reference_df"":221,""target_df"":330,""pair_product"":72930,""within_budget"":false}]"	54	4.651162790697672
oversized_block_budget_suppression	Shared generated retrieval keys exist, but every direct retrieval-family block for this pair is over the configured 50,000-pair limit.	S1-279399254	S2-587493985	2	Modern Construction Limited	மாடர்ன் கன்ஸ்ட்ரக்ஷன் லிமிடெட்	modern construction limited	மாடர்ன் கன்ஸ்ட்ரக்ஷன் லிமிடெட்	37, Singaravelan Nagar, 1St Street, Maduravoyal, Poonamalee, Tiruvallur, Tamil Nadu	##37, POONAMALEE, TIRUVALLUR, Tamil Nadu	37 singaravelan nagar 1st street maduravoyal poonamalee tiruvallur tamil nadu	37 poonamalee tiruvallur tamil nadu	India	India	8,12	"[{""kind"":8,""reference_df"":2860,""target_df"":2268,""pair_product"":6486480,""within_budget"":false},{""kind"":8,""reference_df"":109,""target_df"":144,""pair_product"":15696,""within_budget"":true},{""kind"":8,""reference_df"":2859,""target_df"":2266,""pair_product"":6478494,""within_budget"":false},{""kind"":8,""reference_df"":8,""target_df"":14,""pair_product"":112,""within_budget"":true},{""kind"":12,""reference_df"":250,""target_df"":450,""pair_product"":112500,""within_budget"":false}]"	18	7.017543859649122
fuzzy_prefix_candidate_not_retrieved	A bounded token-prefix key is shared, but no exact/selected evidence key is shared; fuzzy scoring did not add the pair.	S1-283014052	S2-555511376	2	Safe All Esports LLC	@safeall	safe all esports llc	safeall	730 Harrison Street, Trenton, IL	0730 HARRISON STREET, PMB 1283, TRENTON, IL	730 harrison street trenton il	0730 harrison street pmb 1283 trenton il	US	US	8,10	"[{""kind"":8,""reference_df"":27,""target_df"":45,""pair_product"":1215,""within_budget"":true},{""kind"":8,""reference_df"":99,""target_df"":169,""pair_product"":16731,""within_budget"":true},{""kind"":10,""reference_df"":355,""target_df"":637,""pair_product"":226135,""within_budget"":false}]"	122	77.14285714285715
fuzzy_prefix_candidate_not_retrieved	A bounded token-prefix key is shared, but no exact/selected evidence key is shared; fuzzy scoring did not add the pair.	S1-296400262	S3-758487195	3	Pediatric Center LLC	@pediatriccenter	pediatric center llc	pediatriccenter	Amarillo, 2001 6th Avenue, TX	6rd Avenue, Aamrillo, Texas	amarillo 2001 6th avenue tx	6rd avenue aamrillo texas	US	US	10	"[{""kind"":10,""reference_df"":785,""target_df"":1524,""pair_product"":1196340,""within_budget"":false}]"	230	85.71428571428572
address_token_not_selected_as_informative	Raw address-token overlap exists, but the token was not selected into the informative address-token retrieval family.	S1-330213669	S2-662027862	2	Al Properties Private Limited	अल प्रॉपर्टीज प्राइवेट लिमिटेड	al properties private limited	अल प्रॉपर्टीज प्राइवेट लिमिटेड	S. No.7, Near Pyramid Hot, Bhosari, Pune City, Pune, Maharashtra	S. NO.8, PUNE CITY, PUNE, Maharashtra	s no 7 near pyramid hot bhosari pune city pune maharashtra	s no 8 pune city pune maharashtra	India	India	8	"[{""kind"":8,""reference_df"":8710,""target_df"":6948,""pair_product"":60517080,""within_budget"":false},{""kind"":8,""reference_df"":6638,""target_df"":12573,""pair_product"":83459574,""within_budget"":false},{""kind"":8,""reference_df"":1921,""target_df"":3312,""pair_product"":6362352,""within_budget"":false}]"	56	10.169491525423723
address_token_not_selected_as_informative	Raw address-token overlap exists, but the token was not selected into the informative address-token retrieval family.	S1-34163045	S2-52048114	2	Gold Logistics Private Limited	Zephbrixmira	gold logistics private limited	zephbrixmira	Krishna Industrial Complex, No-5, Uttarahalli Hobli B-61, Subramanyapura, Bangalore, Karnataka	KRISHNA INDUSTRIAL COMPLEX, BANGALORE, ಕರ್ನಾಟಕ	krishna industrial complex no 5 uttarahalli hobli b 61 subramanyapura bangalore karnataka	krishna industrial complex bangalore ಕರ್ನಾಟಕ	India	India	8	"[{""kind"":8,""reference_df"":435,""target_df"":678,""pair_product"":294930,""within_budget"":false},{""kind"":8,""reference_df"":2582,""target_df"":4679,""pair_product"":12081178,""within_budget"":false},{""kind"":8,""reference_df"":1211,""target_df"":1871,""pair_product"":2265781,""within_budget"":false},{""kind"":8,""reference_df"":954,""target_df"":1462,""pair_product"":1394748,""within_budget"":false}]"	534	37.5
oversized_block_budget_suppression	Shared generated retrieval keys exist, but every direct retrieval-family block for this pair is over the configured 50,000-pair limit.	S1-345526826	S2-686515874	2	Horizon Robotics Solutions	Horizon Rbbhtdéis Solutions	horizon robotics solutions	horizon rbbhtdéis solutions	1008 21st Street, Claremore, OK	1098 21RD STREET, CLAREMORE, OK	1008 21st street claremore ok	1098 21rd street claremore ok	US	US	6,7,8,10	"[{""kind"":6,""reference_df"":280,""target_df"":501,""pair_product"":140280,""within_budget"":false},{""kind"":7,""reference_df"":280,""target_df"":501,""pair_product"":140280,""within_budget"":false},{""kind"":8,""reference_df"":15,""target_df"":34,""pair_product"":510,""within_budget"":true},{""kind"":10,""reference_df"":282,""target_df"":527,""pair_product"":148614,""within_budget"":false}]"	191	86.79245283018868
address_token_not_selected_as_informative	Raw address-token overlap exists, but the token was not selected into the informative address-token retrieval family.	S1-347820654	S3-39968306	3	Al Infrastructure Limited	ಅಲ್ ಇನ್‌ಫ್ರಾಸ್ಟ್ರಕ್ಚರ್ ಲಿಮಿಟೆಡ್	al infrastructure limited	ಅಲ್ ಇನ್‌ಫ್ರಾಸ್ಟ್ರಕ್ಚರ್ ಲಿಮಿಟೆಡ್	1St Floor, 24/A, K R Colony, Domlur Layout, Bangalore, Karnataka	001St Floor, Bangalore, ಕರ್ನಾಟಕ	1st floor 24 a k r colony domlur layout bangalore karnataka	001st floor bangalore ಕರ್ನಾಟಕ	India	India	8	"[{""kind"":8,""reference_df"":2582,""target_df"":4679,""pair_product"":12081178,""within_budget"":false},{""kind"":8,""reference_df"":7569,""target_df"":11884,""pair_product"":89949996,""within_budget"":false}]"	66	7.14285714285714
oversized_block_budget_suppression	Shared generated retrieval keys exist, but every direct retrieval-family block for this pair is over the configured 50,000-pair limit.	S1-351933030	S3-893209212	3	Royal Services Limited	Royal Srfns Limited	royal services limited	royal srfns limited	Pl No. 87 To 92, 2Nd, 3Rd, Tal: Mangrol, Dist: Surat, Mangrol, Surat, Gujarat		pl no 87 to 92 2nd 3rd tal mangrol dist surat mangrol surat gujarat		India	India	6,7,10	"[{""kind"":6,""reference_df"":492,""target_df"":653,""pair_product"":321276,""within_budget"":false},{""kind"":7,""reference_df"":492,""target_df"":652,""pair_product"":320784,""within_budget"":false},{""kind"":10,""reference_df"":542,""target_df"":749,""pair_product"":405958,""within_budget"":false}]"	442	82.92682926829268
oversized_block_budget_suppression	Shared generated retrieval keys exist, but every direct retrieval-family block for this pair is over the configured 50,000-pair limit.	S1-360417355	S3-275269262	3	Silver Consultancy Private Limited	सिल्वर कंसल्टेंसी प्राइवेट लिमिटेड	silver consultancy private limited	सिल्वर कंसल्टेंसी प्राइवेट लिमिटेड	70-A/23, Third Floor, Rama Road, Industrial Area, Najafgarh Road, Delhi, New Delhi, Delhi	7-0-A/23, Delhi, New Delhi, DL	70 a 23 third floor rama road industrial area najafgarh road delhi new delhi delhi	7 0 a 23 delhi new delhi dl	India	India	8,12	"[{""kind"":8,""reference_df"":5132,""target_df"":12966,""pair_product"":66541512,""within_budget"":false},{""kind"":8,""reference_df"":5690,""target_df"":10211,""pair_product"":58100590,""within_budget"":false},{""kind"":12,""reference_df"":384,""target_df"":822,""pair_product"":315648,""within_budget"":false}]"	338	8.823529411764708
oversized_block_budget_suppression	Shared generated retrieval keys exist, but every direct retrieval-family block for this pair is over the configured 50,000-pair limit.	S1-361880696	S3-558228831	3	Jay Projects Private Limited	जय Projects Private Limited	jay projects private limited	जय projects private limited	2Nd Floor, Office No.2 Appasaheb Marathe Marg, Prabhadevi, Mumbai City, Mumbai, Maharashtra, Rajan House	Rajan House, Mumbai, Mumbai City, महाराष्ट्र	2nd floor office no 2 appasaheb marathe marg prabhadevi mumbai city mumbai maharashtra rajan house	rajan house mumbai mumbai city महाराष्ट्र	India	India	6,7,8,10	"[{""kind"":6,""reference_df"":409,""target_df"":447,""pair_product"":182823,""within_budget"":false},{""kind"":7,""reference_df"":409,""target_df"":447,""pair_product"":182823,""within_budget"":false},{""kind"":8,""reference_df"":3923,""target_df"":7051,""pair_product"":27661073,""within_budget"":false},{""kind"":8,""reference_df"":6638,""target_df"":12573,""pair_product"":83459574,""within_budget"":false},{""kind"":8,""reference_df"":13,""target_df"":16,""pair_product"":208,""within_budget"":true},{""kind"":8,""reference_df"":1622,""target_df"":2795,""pair_product"":4533490,""within_budget"":false},{""kind"":10,""reference_df"":610,""target_df"":766,""pair_product"":467260,""within_budget"":false}]"	251	90.9090909090909
oversized_block_budget_suppression	Shared generated retrieval keys exist, but every direct retrieval-family block for this pair is over the configured 50,000-pair limit.	S1-369479518	S2-674883928	2	Indo Consultancy Private Limited	इंडो कंसल्टेंसी प्राइवेट लिमिटेड	indo consultancy private limited	इंडो कंसल्टेंसी प्राइवेट लिमिटेड	28, 3Rd Flr, Bansilal Bldg, Homi Modi Stret, Fort, Mumbai, Maharashtra	A-28, MUMBAI, महाराष्ट्र	28 3rd floor bansilal bldg homi modi stret fort mumbai maharashtra	a 28 mumbai महाराष्ट्र	India	India	8,12	"[{""kind"":8,""reference_df"":3923,""target_df"":7051,""pair_product"":27661073,""within_budget"":false},{""kind"":12,""reference_df"":284,""target_df"":637,""pair_product"":180908,""within_budget"":false}]"	172	9.375
address_token_not_selected_as_informative	Raw address-token overlap exists, but the token was not selected into the informative address-token retrieval family.	S1-374576758	S3-299638376	3	RN Enclave LLC	RN LLC Services	rn enclave llc	rn llc services	N58W24383 Clover Drive, Village Of Sussex, WI	5824494-5824498 Clover Drive, Sussex, Wisconsin	n58w24383 clover drive village of sussex wi	5824494 5824498 clover drive sussex wisconsin	US	US	8	"[{""kind"":8,""reference_df"":52,""target_df"":104,""pair_product"":5408,""within_budget"":true},{""kind"":8,""reference_df"":15,""target_df"":30,""pair_product"":450,""within_budget"":true}]"	68	65.51724137931033
fuzzy_prefix_candidate_not_retrieved	A bounded token-prefix key is shared, but no exact/selected evidence key is shared; fuzzy scoring did not add the pair.	S1-382021457	S3-979925158	3	Saboo Vision Ltd	Mr saboovision.com	saboo vision limited	mr saboovision com	97 Ff, Village Katwaria Sarai, New Delhi, South West Delhi, Delhi	186 Ff, New Delhi, DL	97 ff village katwaria sarai new delhi south west delhi delhi	186 ff new delhi dl	India	India	8,10	"[{""kind"":8,""reference_df"":5132,""target_df"":12966,""pair_product"":66541512,""within_budget"":false},{""kind"":8,""reference_df"":5690,""target_df"":10211,""pair_product"":58100590,""within_budget"":false},{""kind"":10,""reference_df"":3,""target_df"":9,""pair_product"":27,""within_budget"":true}]"	210	68.42105263157895
oversized_block_budget_suppression	Shared generated retrieval keys exist, but every direct retrieval-family block for this pair is over the configured 50,000-pair limit.	S1-392566689	S3-117144804	3	EA Software Inc	EA Sofwttoaer Inc	ea software incorporated	ea sofwttoaer incorporated	1429 College Street, Portland, OR		1429 college street portland or		US	US	6,7,10	"[{""kind"":6,""reference_df"":10874,""target_df"":16665,""pair_product"":181215210,""within_budget"":false},{""kind"":7,""reference_df"":10871,""target_df"":16557,""pair_product"":179991147,""within_budget"":false},{""kind"":10,""reference_df"":10889,""target_df"":16684,""pair_product"":181672076,""within_budget"":false}]"	152	88.0
oversized_block_budget_suppression	Shared generated retrieval keys exist, but every direct retrieval-family block for this pair is over the configured 50,000-pair limit.	S1-421396805	S2-942627515	2	Best Enterprises Limited	बेस्ट एंटरप्राइजेज लिमिटेड	best enterprises limited	बेस्ट एंटरप्राइजेज लिमिटेड	202, Floor 2, Plot 1/255, B Pratiksha Tower, R S Nimkar Marg, Mumbai Central, Mumbai, Mumbai City, Maharashtra	202, MUMBAI CITY, BOMBAY, Maharashtra	202 floor 2 plot 1 255 b pratiksha tower r s nimkar marg mumbai central mumbai mumbai city maharashtra	202 mumbai city bombay maharashtra	India	India	8,12	"[{""kind"":8,""reference_df"":8710,""target_df"":6948,""pair_product"":60517080,""within_budget"":false},{""kind"":8,""reference_df"":3923,""target_df"":7051,""pair_product"":27661073,""within_budget"":false},{""kind"":8,""reference_df"":6638,""target_df"":12573,""pair_product"":83459574,""within_budget"":false},{""kind"":8,""reference_df"":387,""target_df"":458,""pair_product"":177246,""within_budget"":false},{""kind"":12,""reference_df"":242,""target_df"":320,""pair_product"":77440,""within_budget"":false}]"	117	7.9999999999999964
address_token_not_selected_as_informative	Raw address-token overlap exists, but the token was not selected into the informative address-token retrieval family.	S1-424139501	S3-723522545	3	XJ Fine Private Limited	XJ Fene Private Limited	xj fine private limited	xj fene private limited	Hno 14-20/677/580 2Nd Flr, Road No 9 V V Nagar, Balanagar, Hyderabad, Telangana	2Nd Flr, Hyderabad, TG	hno 14 20 677 580 2nd floor road no 9 v v nagar balanagar hyderabad telangana	2nd floor hyderabad tg	India	India	8	"[{""kind"":8,""reference_df"":2035,""target_df"":3192,""pair_product"":6495720,""within_budget"":false},{""kind"":8,""reference_df"":1755,""target_df"":2410,""pair_product"":4229550,""within_budget"":false},{""kind"":8,""reference_df"":7569,""target_df"":11884,""pair_product"":89949996,""within_budget"":false}]"	128	95.65217391304348
oversized_block_budget_suppression	Shared generated retrieval keys exist, but every direct retrieval-family block for this pair is over the configured 50,000-pair limit.	S1-426586587	S2-833758002	2	Hari Investment Pvt Ltd	हरि इन्वेस्टमेंट प्रा. लि.	hari investment private limited	हरि इन्वेस्टमेंट प्रा लि	Maharashtra, Plot No. 17, Kolhapur, Chavan Colony Front Of Kalamba Jail	DOOR NO 17, KOLHAPUR, Maharashtra	maharashtra plot no 17 kolhapur chavan colony front of kalamba jail	door no 17 kolhapur maharashtra	India	India	8,12	"[{""kind"":8,""reference_df"":8710,""target_df"":6948,""pair_product"":60517080,""within_budget"":false},{""kind"":8,""reference_df"":146,""target_df"":231,""pair_product"":33726,""within_budget"":true},{""kind"":12,""reference_df"":550,""target_df"":1071,""pair_product"":589050,""within_budget"":false}]"	179	10.909090909090914
oversized_block_budget_suppression	Shared generated retrieval keys exist, but every direct retrieval-family block for this pair is over the configured 50,000-pair limit.	S1-436017792	S3-982064524	3	Golden Tirupati Services Private Limited	गोल्डन तिरुपति सर्विसेज प्राइवेट लिमिटेड	golden tirupati services private limited	गोल्डन तिरुपति सर्विसेज प्राइवेट लिमिटेड	H-41, Floor 14, H-Block, Hyderabad Estate, Opp. Ld Ruparel Maro Parsi, Panchayat Simla Nagar, Cumballa, Mumbai, Maharashtra	H-41, Cumballa, Mumbai, MH	h 41 floor 14 h block hyderabad estate opp ld ruparel maro parsi panchayat simla nagar cumballa mumbai maharashtra	h 41 cumballa mumbai mh	India	India	8,12	"[{""kind"":8,""reference_df"":3923,""target_df"":7051,""pair_product"":27661073,""within_budget"":false},{""kind"":8,""reference_df"":5,""target_df"":12,""pair_product"":60,""within_budget"":true},{""kind"":12,""reference_df"":197,""target_df"":436,""pair_product"":85892,""within_budget"":false}]"	182	9.999999999999998
address_token_not_selected_as_informative	Raw address-token overlap exists, but the token was not selected into the informative address-token retrieval family.	S1-445735841	S3-564688997	3	Modern Consultants Private Limited	മോഡേൺ കൺസൾട്ടന്റ്സ് പ്രൈവറ്റ് ലിമിറ്റഡ്	modern consultants private limited	മോഡേൺ കൺസൾട്ടന്റ്സ് പ്രൈവറ്റ് ലിമിറ്റഡ്	C/O Prasanna S, Sreepadmanabham Kallingal, Thiruvananthapuram, Thiruvananthapuram, Trivandrum, Kerala	KL, Trivandrum, C/o Prasanna S, Thiruvananthapuram	c o prasanna s sreepadmanabham kallingal thiruvananthapuram thiruvananthapuram trivandrum kerala	kl trivandrum c o prasanna s thiruvananthapuram	India	India	8	"[{""kind"":8,""reference_df"":190,""target_df"":229,""pair_product"":43510,""within_budget"":true},{""kind"":8,""reference_df"":172,""target_df"":310,""pair_product"":53320,""within_budget"":false},{""kind"":8,""reference_df"":6,""target_df"":13,""pair_product"":78,""within_budget"":true}]"	6	8.21917808219178
oversized_block_budget_suppression	Shared generated retrieval keys exist, but every direct retrieval-family block for this pair is over the configured 50,000-pair limit.	S1-458454199	S3-249524174	3	Innovative Estate LLP	இன்னோவேட்டிவ் எஸ்டேட் எல்எல்பி	innovative estate limited liability partnership	இன்னோவேட்டிவ் எஸ்டேட் எல்எல்பி	2, 94 A, Pavattivilai Cherikadai, Thakalay, Kanyakumari, Tamil Nadu	#G-496 2, Kanyakumari, Thakalay, TN	2 94 a pavattivilai cherikadai thakalay kanyakumari tamil nadu	g 496 2 kanyakumari thakalay tn	India	India	8,12	"[{""kind"":8,""reference_df"":38,""target_df"":60,""pair_product"":2280,""within_budget"":true},{""kind"":8,""reference_df"":1,""target_df"":1,""pair_product"":1,""within_budget"":true},{""kind"":12,""reference_df"":3509,""target_df"":6054,""pair_product"":21243486,""within_budget"":false}]"	452	7.5000000000000036
fuzzy_prefix_candidate_not_retrieved	A bounded token-prefix key is shared, but no exact/selected evidence key is shared; fuzzy scoring did not add the pair.	S1-467743414	S2-236720901	2	Green Beacon Oneim	greenbeacononeim.com	green beacon oneim	greenbeacononeim com	2151 Southern Avenue, Unit 1035, Mesa, AZ	002151 SOUTHERN AVE, MSEA, AZ	2151 southern avenue unit 1035 mesa az	002151 southern avenue msea az	US	US	8,10	"[{""kind"":8,""reference_df"":49,""target_df"":127,""pair_product"":6223,""within_budget"":true},{""kind"":10,""reference_df"":737,""target_df"":1190,""pair_product"":877030,""within_budget"":false}]"	70	84.21052631578947
address_token_not_selected_as_informative	Raw address-token overlap exists, but the token was not selected into the informative address-token retrieval family.	S1-477006150	S2-761471318	2	City Consulting Private Limited	सिटी कंसल्टिंग प्राइवेट लिमिटेड	city consulting private limited	सिटी कंसल्टिंग प्राइवेट लिमिटेड	1, Shri Shreeji Park, D'Souza Colony, College Road, Nashik, Maharashtra	01, COLLEGE ROAD, NASHIK, महाराष्ट्र	1 shri shreeji park d souza colony college road nashik maharashtra	01 college road nashik महाराष्ट्र	India	India	8	"[{""kind"":8,""reference_df"":311,""target_df"":529,""pair_product"":164519,""within_budget"":false},{""kind"":8,""reference_df"":247,""target_df"":462,""pair_product"":114114,""within_budget"":false}]"	135	9.677419354838712
no_shared_generated_retrieval_key	No applicable retrieval key was shared after normalization and key selection.	S1-48720115	S3-707278997	3	Jay Technology Private Limited	Jaytechnology.Com (ID: 81435)	jay technology private limited	jaytechnology com id 81435	1B, Spring Waters, Kunnukadu, Kovallam Village Opp Hotel Taj Vivantha, Ecr, Chengalput T, Aluk, Kancheepuram, Tamil Nadu	Block A-404 1B, Chengalpattu, TN	1b spring waters kunnukadu kovallam village opp hotel taj vivantha ecr chengalput t aluk kancheepuram tamil nadu	block a 404 1b chengalpattu tn	India	India		[]	212	60.71428571428572
oversized_block_budget_suppression	Shared generated retrieval keys exist, but every direct retrieval-family block for this pair is over the configured 50,000-pair limit.	S1-490383704	S3-888090225	3	Apical Brothers Private Limited	Apicalbrosprivate.Com	apical brothers private limited	apicalbrosprivate com	Fl No 6 1, United Western Socy P N 35, S N 42/43, Karv/Enagar, Pune, Maharashtra	Fl No 6 1, Pune, MH	fl no 6 1 united western socy p n 35 s n 42 43 karv enagar pune maharashtra	fl no 6 1 pune mh	India	India	8,10,12	"[{""kind"":8,""reference_df"":1921,""target_df"":3312,""pair_product"":6362352,""within_budget"":false},{""kind"":10,""reference_df"":1,""target_df"":5,""pair_product"":5,""within_budget"":true},{""kind"":12,""reference_df"":4645,""target_df"":8004,""pair_product"":37178580,""within_budget"":false},{""kind"":12,""reference_df"":1358,""target_df"":2802,""pair_product"":3805116,""within_budget"":false}]"	187	73.07692307692308
oversized_block_budget_suppression	Shared generated retrieval keys exist, but every direct retrieval-family block for this pair is over the configured 50,000-pair limit.	S1-505934211	S2-480040147	2	Green Care Pvt Ltd	ग्रीन केयर प्रा. लि.	green care private limited	ग्रीन केयर प्रा लि	Block-H Laxmi Nagar, New Delhi, H.No-23, Delhi, East Delhi	H.NO-B3/23, NEW DELHI, PAPRAWAT, Delhi	block h laxmi nagar new delhi h no 23 delhi east delhi	h no b3 23 new delhi paprawat delhi	India	India	8,12	"[{""kind"":8,""reference_df"":5132,""target_df"":12966,""pair_product"":66541512,""within_budget"":false},{""kind"":8,""reference_df"":5690,""target_df"":10211,""pair_product"":58100590,""within_budget"":false},{""kind"":12,""reference_df"":384,""target_df"":822,""pair_product"":315648,""within_budget"":false}]"	345	13.636363636363635
oversized_block_budget_suppression	Shared generated retrieval keys exist, but every direct retrieval-family block for this pair is over the configured 50,000-pair limit.	S1-507434180	S3-703367879	3	Apex LLC	Apex LLC Ventures	apex llc	apex llc ventures	220 Hibiscus Street, South Padre Island, TX		220 hibiscus street south padre island tx		US	US	6,7,10	"[{""kind"":6,""reference_df"":454,""target_df"":680,""pair_product"":308720,""within_budget"":false},{""kind"":7,""reference_df"":454,""target_df"":680,""pair_product"":308720,""within_budget"":false},{""kind"":10,""reference_df"":454,""target_df"":701,""pair_product"":318254,""within_budget"":false}]"	167	90.0
oversized_block_budget_suppression	Shared generated retrieval keys exist, but every direct retrieval-family block for this pair is over the configured 50,000-pair limit.	S1-508585	S2-74183640	2	Aditya Energy Private Limited	আদিত্য এনার্জি প্রাইভেট লিমিটেড	aditya energy private limited	আদিত্য এনার্জি প্রাইভেট লিমিটেড	18, Mott Lane 2Nd Floor, Kolkata, Kolkata, Howrah, West Bengal	18., KOLKATA, HOWRAH, West Bengal	18 mott lane 2nd floor kolkata kolkata howrah west bengal	18 kolkata howrah west bengal	India	India	8,9,12	"[{""kind"":8,""reference_df"":5950,""target_df"":7681,""pair_product"":45701950,""within_budget"":false},{""kind"":8,""reference_df"":1720,""target_df"":2983,""pair_product"":5130760,""within_budget"":false},{""kind"":8,""reference_df"":1307,""target_df"":1515,""pair_product"":1980105,""within_budget"":false},{""kind"":8,""reference_df"":2556,""target_df"":2124,""pair_product"":5428944,""within_budget"":false},{""kind"":9,""reference_df"":156,""target_df"":367,""pair_product"":57252,""within_budget"":false},{""kind"":12,""reference_df"":483,""target_df"":985,""pair_product"":475755,""within_budget"":false}]"	167	9.999999999999998
address_token_not_selected_as_informative	Raw address-token overlap exists, but the token was not selected into the informative address-token retrieval family.	S1-511118482	S3-659775917	3	Premier Technology Private Limited	प्रीमियर टेक्नोलॉजी प्राइवेट लिमिटेड	premier technology private limited	प्रीमियर टेक्नोलॉजी प्राइवेट लिमिटेड	Sai Sadan, 252-K, Second Floor, Raja Dhirsain Marg, Sant Nagar, New Delhi, South Delhi, Delhi	Plot #94 Sai Sadan, New Delhi, दिल्ली	sai sadan 252 k second floor raja dhirsain marg sant nagar new delhi south delhi delhi	plot 94 sai sadan new delhi दिल्ली	India	India	8	"[{""kind"":8,""reference_df"":80,""target_df"":132,""pair_product"":10560,""within_budget"":true},{""kind"":8,""reference_df"":5132,""target_df"":12966,""pair_product"":66541512,""within_budget"":false},{""kind"":8,""reference_df"":343,""target_df"":528,""pair_product"":181104,""within_budget"":false},{""kind"":8,""reference_df"":5690,""target_df"":10211,""pair_product"":58100590,""within_budget"":false}]"	95	8.571428571428575
oversized_block_budget_suppression	Shared generated retrieval keys exist, but every direct retrieval-family block for this pair is over the configured 50,000-pair limit.	S1-537553995	S3-438860770	3	Sonthalia & Sons Private Limited	Dovanex	sonthalia sons private limited	dovanex	Villa No. 33, Northstar, Allura, Shankarpally, K.V.Rangareddy, Telangana	Villa No. 33, Shankarpally, K.v.rangareddy, తెలంగాణ	villa no 33 northstar allura shankarpally k v rangareddy telangana	villa no 33 shankarpally k v rangareddy తెలంగాణ	India	India	8,12	"[{""kind"":8,""reference_df"":247,""target_df"":359,""pair_product"":88673,""within_budget"":false},{""kind"":8,""reference_df"":6,""target_df"":7,""pair_product"":42,""within_budget"":true},{""kind"":8,""reference_df"":475,""target_df"":648,""pair_product"":307800,""within_budget"":false},{""kind"":12,""reference_df"":224,""target_df"":514,""pair_product"":115136,""within_budget"":false}]"	14	38.57142857142858
oversized_block_budget_suppression	Shared generated retrieval keys exist, but every direct retrieval-family block for this pair is over the configured 50,000-pair limit.	S1-541969879	S3-603892243	3	Royal Foundation Pvt Ltd	Miraciraveo	royal foundation private limited	miraciraveo	4, Andal Nagar, 2Nd Cross St. Extension Velachery, Chennai, Tamil Nadu	Block A-4 4, Chennai, தமிழ்நாடு	4 andal nagar 2nd cross street extension velachery chennai tamil nadu	block a 4 4 chennai தமிழ்நாடு	India	India	8,12	"[{""kind"":8,""reference_df"":1387,""target_df"":2461,""pair_product"":3413407,""within_budget"":false},{""kind"":12,""reference_df"":1798,""target_df"":3556,""pair_product"":6393688,""within_budget"":false}]"	70	40.909090909090914
oversized_block_budget_suppression	Shared generated retrieval keys exist, but every direct retrieval-family block for this pair is over the configured 50,000-pair limit.	S1-559763083	S3-20810113	3	Pediatric Safe Care	Pediatric 5afe Cae	pediatric safe care	pediatric 5afe cae	3205 Bur Oak Road, Baudette, MN		3205 bur oak road baudette mn		US	US	6,7,10	"[{""kind"":6,""reference_df"":701,""target_df"":1346,""pair_product"":943546,""within_budget"":false},{""kind"":7,""reference_df"":701,""target_df"":1343,""pair_product"":941443,""within_budget"":false},{""kind"":10,""reference_df"":785,""target_df"":1524,""pair_product"":1196340,""within_budget"":false}]"	268	91.89189189189189
oversized_block_budget_suppression	Shared generated retrieval keys exist, but every direct retrieval-family block for this pair is over the configured 50,000-pair limit.	S1-564750023	S3-898125169	3	New Technologies Limited	न्यू टेक्नोलॉजीज लिमिटेड	new technology limited	न्यू टेक्नोलॉजीज लिमिटेड	Jaipur, Himmat Nagar, Tonk Road Jaipur, Rajasthan, 27, Jaipur	27, Jaipur, RJ	jaipur himmat nagar tonk road jaipur rajasthan 27 jaipur	27 jaipur rj	India	India	8,12	"[{""kind"":8,""reference_df"":785,""target_df"":1474,""pair_product"":1157090,""within_budget"":false},{""kind"":12,""reference_df"":303,""target_df"":622,""pair_product"":188466,""within_budget"":false}]"	72	8.695652173913048
oversized_block_budget_suppression	Shared generated retrieval keys exist, but every direct retrieval-family block for this pair is over the configured 50,000-pair limit.	S1-566143634	S2-280387127	2	Unique Services Private Limited	ইউনিক সার্ভিসেস প্রাইভেট লিমিটেড	unique services private limited	ইউনিক সার্ভিসেস প্রাইভেট লিমিটেড	47, Matheshwartala Road, Kolkata, Kolkata, Howrah, West Bengal	47, CALCUTTA, HOWRAH, West Bengal	47 matheshwartala road kolkata kolkata howrah west bengal	47 calcutta howrah west bengal	India	India	8,9,12	"[{""kind"":8,""reference_df"":5950,""target_df"":7681,""pair_product"":45701950,""within_budget"":false},{""kind"":8,""reference_df"":1307,""target_df"":1515,""pair_product"":1980105,""within_budget"":false},{""kind"":8,""reference_df"":2556,""target_df"":2124,""pair_product"":5428944,""within_budget"":false},{""kind"":9,""reference_df"":156,""target_df"":367,""pair_product"":57252,""within_budget"":false},{""kind"":12,""reference_df"":192,""target_df"":386,""pair_product"":74112,""within_budget"":false}]"	198	9.523809523809524
oversized_block_budget_suppression	Shared generated retrieval keys exist, but every direct retrieval-family block for this pair is over the configured 50,000-pair limit.	S1-567215215	S2-658868799	2	Atlantic Diversified LLC	Atlantic Dinisrtfihed LLC	atlantic diversified llc	atlantic dinisrtfihed llc	1112 Main Street, Unit 17, Barnstable, MA	MA, MAIN STREET, OSTERVILLE	1112 main street unit 17 barnstable ma	ma main street osterville	US	US	6,7,8,10	"[{""kind"":6,""reference_df"":350,""target_df"":572,""pair_product"":200200,""within_budget"":false},{""kind"":7,""reference_df"":350,""target_df"":572,""pair_product"":200200,""within_budget"":false},{""kind"":8,""reference_df"":2175,""target_df"":3437,""pair_product"":7475475,""within_budget"":false},{""kind"":10,""reference_df"":470,""target_df"":788,""pair_product"":370360,""within_budget"":false}]"	424	81.63265306122449
oversized_block_budget_suppression	Shared generated retrieval keys exist, but every direct retrieval-family block for this pair is over the configured 50,000-pair limit.	S1-568804879	S2-676486141	2	Future & Brothers Private Limited	futurebrothers.com	future brothers private limited	futurebrothers com	Uttar Pradesh, Noida, C-55 Sector-63 Noida Uttar Pradesh, Gautam Buddha Nagar	Uttar Pradesh, C-C-55 SECTOR-63 NOIDA UTTAR PRADESH, NOIDA	uttar pradesh noida c 55 sector 63 noida uttar pradesh gautam buddha nagar	uttar pradesh c c 55 sector 63 noida uttar pradesh noida	India	India	8,10,12	"[{""kind"":8,""reference_df"":3342,""target_df"":2675,""pair_product"":8939850,""within_budget"":false},{""kind"":8,""reference_df"":5150,""target_df"":5056,""pair_product"":26038400,""within_budget"":false},{""kind"":8,""reference_df"":608,""target_df"":1093,""pair_product"":664544,""within_budget"":false},{""kind"":8,""reference_df"":2202,""target_df"":3449,""pair_product"":7594698,""within_budget"":false},{""kind"":10,""reference_df"":274,""target_df"":347,""pair_product"":95078,""within_budget"":false},{""kind"":12,""reference_df"":177,""target_df"":344,""pair_product"":60888,""within_budget"":false},{""kind"":12,""reference_df"":182,""target_df"":393,""pair_product"":71526,""within_budget"":false}]"	508	79.41176470588235
fuzzy_prefix_candidate_not_retrieved	A bounded token-prefix key is shared, but no exact/selected evidence key is shared; fuzzy scoring did not add the pair.	S1-571862225	S2-672331806	2	Youth Highland Church	@youthhighland	youth highland church	youthhighland	261 11th Street, Fl 0, Pasadena, MD	00261 ELEVENTH ST, PASADENA, MD	261 11th street fl 0 pasadena md	00261 eleventh street pasadena md	US	US	8,10	"[{""kind"":8,""reference_df"":55,""target_df"":97,""pair_product"":5335,""within_budget"":true},{""kind"":10,""reference_df"":133,""target_df"":244,""pair_product"":32452,""within_budget"":true}]"	344	83.07692307692308
address_token_not_selected_as_informative	Raw address-token overlap exists, but the token was not selected into the informative address-token retrieval family.	S1-575832659	S3-328979649	3	Nm Services Private Limited	Nm Private Limited  Partners	nm services private limited	nm private limited partners	C/O = Nilam Kumari, Jamo Road Afrad More, Siwan, Bihar	C/o = Nilam Kumari, Siwan, BR	c o nilam kumari jamo road afrad more siwan bihar	c o nilam kumari siwan br	India	India	8	"[{""kind"":8,""reference_df"":2,""target_df"":4,""pair_product"":8,""within_budget"":true},{""kind"":8,""reference_df"":25,""target_df"":54,""pair_product"":1350,""within_budget"":true},{""kind"":8,""reference_df"":17,""target_df"":49,""pair_product"":833,""within_budget"":true}]"	1	77.4074074074074
fuzzy_prefix_candidate_not_retrieved	A bounded token-prefix key is shared, but no exact/selected evidence key is shared; fuzzy scoring did not add the pair.	S1-595246384	S2-261144736	2	Thompson Staking, LLC	>> #thompsonstaking	thompson staking llc	thompsonstaking	409 87th Place, Chicago, IL	87RD PLACE, CHICAGOCDP, IL	409 87th place chicago il	87rd place chicagocdp il	US	US	8,10	"[{""kind"":8,""reference_df"":1450,""target_df"":1513,""pair_product"":2193850,""within_budget"":false},{""kind"":10,""reference_df"":190,""target_df"":368,""pair_product"":69920,""within_budget"":false}]"	311	85.71428571428572
address_token_not_selected_as_informative	Raw address-token overlap exists, but the token was not selected into the informative address-token retrieval family.	S1-595831074	S2-499838571	2	Ram Services Limited	राम सर्विसेज लिमिटेड	ram services limited	राम सर्विसेज लिमिटेड	17, Vrundavan Society, Opp. Shinde School Sahakarnagar, Pune, Maharashtra	18, PUNE, महाराष्ट्र	17 vrundavan society opp shinde school sahakarnagar pune maharashtra	18 pune महाराष्ट्र	India	India	8	"[{""kind"":8,""reference_df"":1921,""target_df"":3312,""pair_product"":6362352,""within_budget"":false}]"	213	9.999999999999998
fuzzy_prefix_candidate_not_retrieved	A bounded token-prefix key is shared, but no exact/selected evidence key is shared; fuzzy scoring did not add the pair.	S1-598542518	S2-845767978	2	Williams United Systems LLC	williamsunitedsystems.com	williams united systems llc	williamsunitedsystems com	4004 Triple Crown Circle, Tuscaloosa, AL	TUSCALOOOSA, AL, 04004 TRIPLE CROWN CIRCLE	4004 triple crown circle tuscaloosa al	tuscalooosa al 04004 triple crown circle	US	US	8,10	"[{""kind"":8,""reference_df"":45,""target_df"":94,""pair_product"":4230,""within_budget"":true},{""kind"":8,""reference_df"":4,""target_df"":16,""pair_product"":64,""within_budget"":true},{""kind"":8,""reference_df"":1470,""target_df"":1448,""pair_product"":2128560,""within_budget"":false},{""kind"":10,""reference_df"":371,""target_df"":616,""pair_product"":228536,""within_budget"":false}]"	23	88.46153846153845
fuzzy_prefix_candidate_not_retrieved	A bounded token-prefix key is shared, but no exact/selected evidence key is shared; fuzzy scoring did not add the pair.	S1-606068532	S3-218797269	3	Green Agro Private Limited	greenagr0.com	green agro private limited	greenagr0 com	1St Floor, Block No.165, Plot No. 8, Royal Township Puna Kumbhariya Road, Near Balaji Transp, Ort Saroli, Surat, Gujarat	No 1S Floor, Surat, GJ	1st floor block no 165 plot no 8 royal township puna kumbhariya road near balaji transp ort saroli surat gujarat	no 1s floor surat gj	India	India	8,10	"[{""kind"":8,""reference_df"":7569,""target_df"":11884,""pair_product"":89949996,""within_budget"":false},{""kind"":8,""reference_df"":417,""target_df"":741,""pair_product"":308997,""within_budget"":false},{""kind"":10,""reference_df"":737,""target_df"":1190,""pair_product"":877030,""within_budget"":false}]"	117	70.43478260869566
oversized_block_budget_suppression	Shared generated retrieval keys exist, but every direct retrieval-family block for this pair is over the configured 50,000-pair limit.	S1-609776669	S2-227763422	2	Hari Technologies Private Limited	ஹரி டெக்னாலஜீஸ் பிரைவேட் லிமிடெட்	hari technology private limited	ஹரி டெக்னாலஜீஸ் பிரைவேட் லிமிடெட்	15 Parthasarathy Gardens, Tamil Nadu, Alwarpet, Chennai	NO 15 PARTHASRAATHY GARDENS, CHENNAI, Tamil Nadu	15 parthasarathy gardens tamil nadu alwarpet chennai	no 15 parthasraathy gardens chennai tamil nadu	India	India	8,12	"[{""kind"":8,""reference_df"":2860,""target_df"":2268,""pair_product"":6486480,""within_budget"":false},{""kind"":8,""reference_df"":2859,""target_df"":2266,""pair_product"":6478494,""within_budget"":false},{""kind"":8,""reference_df"":110,""target_df"":223,""pair_product"":24530,""within_budget"":true},{""kind"":8,""reference_df"":1387,""target_df"":2461,""pair_product"":3413407,""within_budget"":false},{""kind"":12,""reference_df"":610,""target_df"":1240,""pair_product"":756400,""within_budget"":false}]"	226	9.375
oversized_block_budget_suppression	Shared generated retrieval keys exist, but every direct retrieval-family block for this pair is over the configured 50,000-pair limit.	S1-611906860	S2-283750486	2	Seven Producer Private Limited	સેવન પ્રોડ્યુસર પ્રાઇવેટ લિમિટેડ	seven producer private limited	સેવન પ્રોડ્યુસર પ્રાઇવેટ લિમિટેડ	301/A-3Rd Floor, Wall Street- 1, Near Railway Crossing, Opp. Orient Club, Ellisbridge, Ahmedabad, Gujarat	301/A-3RD FLOOR, <NULL>, AHMEDABAD, ગુજરાત	301 a 3rd floor wall street 1 near railway crossing opp orient club ellisbridge ahmedabad gujarat	301 a 3rd floor null ahmedabad ગુજરાત	India	India	8,12	"[{""kind"":8,""reference_df"":1101,""target_df"":1611,""pair_product"":1773711,""within_budget"":false},{""kind"":8,""reference_df"":372,""target_df"":490,""pair_product"":182280,""within_budget"":false},{""kind"":8,""reference_df"":1219,""target_df"":1727,""pair_product"":2105213,""within_budget"":false},{""kind"":8,""reference_df"":7569,""target_df"":11884,""pair_product"":89949996,""within_budget"":false},{""kind"":12,""reference_df"":254,""target_df"":359,""pair_product"":91186,""within_budget"":false}]"	275	9.677419354838712
oversized_block_budget_suppression	Shared generated retrieval keys exist, but every direct retrieval-family block for this pair is over the configured 50,000-pair limit.	S1-613457159	S2-206735484	2	Bright Consultancy Limited	ब्राइट कंसल्टेंसी लिमिटेड	bright consultancy limited	ब्राइट कंसल्टेंसी लिमिटेड	33, Lok Nayak Apartments Sector-9, New Delhi, North Delhi, Delhi	A-33, NEW DELHI, NORTH DELHI, Delhi	33 lok nayak apartments sector 9 new delhi north delhi delhi	a 33 new delhi north delhi delhi	India	India	8,12	"[{""kind"":8,""reference_df"":5132,""target_df"":12966,""pair_product"":66541512,""within_budget"":false},{""kind"":8,""reference_df"":5690,""target_df"":10211,""pair_product"":58100590,""within_budget"":false},{""kind"":8,""reference_df"":2158,""target_df"":7629,""pair_product"":16463382,""within_budget"":false},{""kind"":12,""reference_df"":224,""target_df"":514,""pair_product"":115136,""within_budget"":false}]"	65	7.843137254901967
oversized_block_budget_suppression	Shared generated retrieval keys exist, but every direct retrieval-family block for this pair is over the configured 50,000-pair limit.	S1-640030507	S2-945098051	2	Great Food Private Limited	ग्रेट फूड प्राइवेट लिमिटेड	great food private limited	ग्रेट फूड प्राइवेट लिमिटेड	Office No 7, Floor Ground Plot 385, Pine Building Barrister Nath Pai Marg Mazgaon, Mumbai, Maharashtra	NO 121 OFFICE NO 7, MUMBAI, महाराष्ट्र	office no 7 floor ground plot 385 pine building barrister nath pai marg mazgaon mumbai maharashtra	no 121 office no 7 mumbai महाराष्ट्र	India	India	8,12	"[{""kind"":8,""reference_df"":3923,""target_df"":7051,""pair_product"":27661073,""within_budget"":false},{""kind"":8,""reference_df"":954,""target_df"":1689,""pair_product"":1611306,""within_budget"":false},{""kind"":12,""reference_df"":1159,""target_df"":2441,""pair_product"":2829119,""within_budget"":false}]"	82	11.538461538461542
address_token_not_selected_as_informative	Raw address-token overlap exists, but the token was not selected into the informative address-token retrieval family.	S1-642071168	S2-998532634	2	Shree Global Private Limited	श्री ग्लोबल प्राइवेट लिमिटेड	shree global private limited	श्री ग्लोबल प्राइवेट लिमिटेड	Pl -35, S No 24 25 Shikshak Nagar Wanwadi, Pune, Maharashtra, Pune	PL -3-5, PUNE, Maharashtra	pl 35 s no 24 25 shikshak nagar wanwadi pune maharashtra pune	pl 3 5 pune maharashtra	India	India	8	"[{""kind"":8,""reference_df"":8710,""target_df"":6948,""pair_product"":60517080,""within_budget"":false},{""kind"":8,""reference_df"":1921,""target_df"":3312,""pair_product"":6362352,""within_budget"":false}]"	63	10.71428571428571
oversized_block_budget_suppression	Shared generated retrieval keys exist, but every direct retrieval-family block for this pair is over the configured 50,000-pair limit.	S1-647278512	S3-327224962	3	Liberty Deli	Liberty Ddberi	liberty deli	liberty ddberi	IA, Urbandale, 7608 Prairie Avenue		ia urbandale 7608 prairie avenue		US	US	6,7,10	"[{""kind"":6,""reference_df"":339,""target_df"":542,""pair_product"":183738,""within_budget"":false},{""kind"":7,""reference_df"":339,""target_df"":542,""pair_product"":183738,""within_budget"":false},{""kind"":10,""reference_df"":343,""target_df"":560,""pair_product"":192080,""within_budget"":false}]"	223	84.61538461538461
oversized_block_budget_suppression	Shared generated retrieval keys exist, but every direct retrieval-family block for this pair is over the configured 50,000-pair limit.	S1-662712951	S2-59059866	2	Sree Universal Power	श्री यूनिवर्सल पावर	sree universal power	श्री यूनिवर्सल पावर	Shop No Gb-47, Lake City Mall, Bkapurbavadi, G B Road, Thane, Maharashtra	SHOP NO GB-47, THANE, महाराष्ट्र	shop no gb 47 lake city mall bkapurbavadi g b road thane maharashtra	shop no gb 47 thane महाराष्ट्र	India	India	8,12	"[{""kind"":8,""reference_df"":1224,""target_df"":1655,""pair_product"":2025720,""within_budget"":false},{""kind"":8,""reference_df"":1176,""target_df"":1931,""pair_product"":2270856,""within_budget"":false},{""kind"":12,""reference_df"":192,""target_df"":386,""pair_product"":74112,""within_budget"":false}]"	211	10.256410256410254
address_token_not_selected_as_informative	Raw address-token overlap exists, but the token was not selected into the informative address-token retrieval family.	S1-664831217	S2-161812437	2	Jai Healthcare	ಜೈ ಹೆಲ್ತ್‌ಕೇರ್	jai healthcare	ಜೈ ಹೆಲ್ತ್‌ಕೇರ್	Sumadhura, Vasantham, Sonnenahalli, Flat No. 408, Karnataka, Bangalore	FAT NO. 08, BENGALURU, BANGALORE, Karnataka	sumadhura vasantham sonnenahalli flat no 408 karnataka bangalore	fat no 08 bengaluru bangalore karnataka	India	India	8	"[{""kind"":8,""reference_df"":2582,""target_df"":4679,""pair_product"":12081178,""within_budget"":false},{""kind"":8,""reference_df"":3119,""target_df"":2478,""pair_product"":7728882,""within_budget"":false}]"	300	7.14285714285714
address_token_not_selected_as_informative	Raw address-token overlap exists, but the token was not selected into the informative address-token retrieval family.	S1-682804267	S2-469052107	2	North Construction LLP	नॉर्थ कंस्ट्रक्शन एलएलपी	north construction limited liability partnership	नॉर्थ कंस्ट्रक्शन एलएलपी	C/O Shyam Lal Gupta, Bhopa Bazar Chauri Chaura, Gorakhpur, Uttar Pradesh	C/O SYHAM LAL GUPTA, GORAKHPUR, RAGHAVPUR, Uttar Pradesh	c o shyam lal gupta bhopa bazar chauri chaura gorakhpur uttar pradesh	c o syham lal gupta gorakhpur raghavpur uttar pradesh	India	India	8	"[{""kind"":8,""reference_df"":81,""target_df"":126,""pair_product"":10206,""within_budget"":true},{""kind"":8,""reference_df"":3342,""target_df"":2675,""pair_product"":8939850,""within_budget"":false},{""kind"":8,""reference_df"":84,""target_df"":167,""pair_product"":14028,""within_budget"":true},{""kind"":8,""reference_df"":5150,""target_df"":5056,""pair_product"":26038400,""within_budget"":false},{""kind"":8,""reference_df"":178,""target_df"":293,""pair_product"":52154,""within_budget"":false}]"	31	8.37209302325582
fuzzy_prefix_candidate_not_retrieved	A bounded token-prefix key is shared, but no exact/selected evidence key is shared; fuzzy scoring did not add the pair.	S1-689226520	S2-49537797	2	Internal Medicine Cascade Associates	@INTERNALMEDICINE	internal medicine cascade associates	internalmedicine	2100 Loop, TX, Houston	2100A LOOP, HOUUSTON, TX	2100 loop tx houston	2100a loop houuston tx	US	US	8,10	"[{""kind"":8,""reference_df"":297,""target_df"":545,""pair_product"":161865,""within_budget"":false},{""kind"":10,""reference_df"":1375,""target_df"":2398,""pair_product"":3297250,""within_budget"":false}]"	51	84.375
oversized_block_budget_suppression	Shared generated retrieval keys exist, but every direct retrieval-family block for this pair is over the configured 50,000-pair limit.	S1-697807994	S2-970370320	2	Ss Enterprises Private Limited	एसएस एंटरप्राइजेज प्राइवेट लिमिटेड	ss enterprises private limited	एसएस एंटरप्राइजेज प्राइवेट लिमिटेड	Ghaziabad, Uttar Pradesh, Gopal Palace Maliwara Chowk, 302, Ghaziabad	PLOT 310 302, Uttar Pradesh, GHAZIABAD	ghaziabad uttar pradesh gopal palace maliwara chowk 302 ghaziabad	plot 310 302 uttar pradesh ghaziabad	India	India	8,12	"[{""kind"":8,""reference_df"":3342,""target_df"":2675,""pair_product"":8939850,""within_budget"":false},{""kind"":8,""reference_df"":5150,""target_df"":5056,""pair_product"":26038400,""within_budget"":false},{""kind"":8,""reference_df"":449,""target_df"":792,""pair_product"":355608,""within_budget"":false},{""kind"":8,""reference_df"":327,""target_df"":456,""pair_product"":149112,""within_budget"":false},{""kind"":12,""reference_df"":221,""target_df"":330,""pair_product"":72930,""within_budget"":false}]"	36	9.375
address_token_not_selected_as_informative	Raw address-token overlap exists, but the token was not selected into the informative address-token retrieval family.	S1-697881188	S3-832909419	3	Innovative Power Pvt Ltd	ઇનોવેટિવ પાવર પ્રા. લિ.	innovative power private limited	ઇનોવેટિવ પાવર પ્રા લિ	Vraj Vihar Tower, Opp. Aryavrat Bunglows, B/H Someshwara-2, Satellite, 801, Ahmedabad, Gujarat, Ahmadabad City	80, null, Ahmadabad City, Ahmedabad, GJ	vraj vihar tower opp aryavrat bunglows b h someshwara 2 satellite 801 ahmedabad gujarat ahmadabad city	80 null ahmadabad city ahmedabad gj	India	India	8	"[{""kind"":8,""reference_df"":1101,""target_df"":1611,""pair_product"":1773711,""within_budget"":false},{""kind"":8,""reference_df"":6638,""target_df"":12573,""pair_product"":83459574,""within_budget"":false},{""kind"":8,""reference_df"":265,""target_df"":457,""pair_product"":121105,""within_budget"":false}]"	124	12.857142857142861
oversized_block_budget_suppression	Shared generated retrieval keys exist, but every direct retrieval-family block for this pair is over the configured 50,000-pair limit.	S1-697881188	S3-90987935	3	Innovative Power Pvt Ltd	Inn0vative Power Pvt Ltd	innovative power private limited	inn0vative power private limited	Vraj Vihar Tower, Opp. Aryavrat Bunglows, B/H Someshwara-2, Satellite, 801, Ahmedabad, Gujarat, Ahmadabad City	80, null, GJ	vraj vihar tower opp aryavrat bunglows b h someshwara 2 satellite 801 ahmedabad gujarat ahmadabad city	80 null gj	India	India	6,7,10	"[{""kind"":6,""reference_df"":388,""target_df"":407,""pair_product"":157916,""within_budget"":false},{""kind"":7,""reference_df"":388,""target_df"":407,""pair_product"":157916,""within_budget"":false},{""kind"":10,""reference_df"":432,""target_df"":487,""pair_product"":210384,""within_budget"":false}]"	124	96.875
oversized_block_budget_suppression	Shared generated retrieval keys exist, but every direct retrieval-family block for this pair is over the configured 50,000-pair limit.	S1-701678903	S3-119625131	3	Vision Engineering Private Limited	विजन इंजीनियरिंग प्राइवेट लिमिटेड	vision engineering private limited	विजन इंजीनियरिंग प्राइवेट लिमिटेड	Shop No. 3, Oshiwara Link Way Chsl New Link Road Extention, Andheri West, Mumbai, Mumbai City, Maharashtra	No 3, Mumbai City, Bombay, MH	shop no 3 oshiwara link way chsl new link road extention andheri west mumbai mumbai city maharashtra	no 3 mumbai city bombay mh	India	India	8,12	"[{""kind"":8,""reference_df"":3923,""target_df"":7051,""pair_product"":27661073,""within_budget"":false},{""kind"":8,""reference_df"":6638,""target_df"":12573,""pair_product"":83459574,""within_budget"":false},{""kind"":12,""reference_df"":2372,""target_df"":4356,""pair_product"":10332432,""within_budget"":false}]"	83	8.955223880597018
oversized_block_budget_suppression	Shared generated retrieval keys exist, but every direct retrieval-family block for this pair is over the configured 50,000-pair limit.	S1-70620039	S2-334439571	2	Smith Dental Associates	Smith Déntal Ássociates	smith dental associates	smith déntal ássociates	1173 Colfax Road, Fairmont, WV		1173 colfax road fairmont wv		US	US	6,7,10	"[{""kind"":6,""reference_df"":342,""target_df"":615,""pair_product"":210330,""within_budget"":false},{""kind"":7,""reference_df"":342,""target_df"":615,""pair_product"":210330,""within_budget"":false},{""kind"":10,""reference_df"":348,""target_df"":644,""pair_product"":224112,""within_budget"":false}]"	27	91.30434782608697
oversized_block_budget_suppression	Shared generated retrieval keys exist, but every direct retrieval-family block for this pair is over the configured 50,000-pair limit.	S1-713015230	S2-500471970	2	Ram Business Private Limited	राम बिजनेस प्राइवेट लिमिटेड	ram business private limited	राम बिजनेस प्राइवेट लिमिटेड	Sr. No. 48/2, Plot No.8, Nr Rupee Bank, Nagar Road, Pune City, Pune, Maharashtra	SR. NO. G-48/2, PUNE CITY, PUNE, Maharashtra	sr no 48 2 plot no 8 nr rupee bank nagar road pune city pune maharashtra	sr no g 48 2 pune city pune maharashtra	India	India	8,12	"[{""kind"":8,""reference_df"":8710,""target_df"":6948,""pair_product"":60517080,""within_budget"":false},{""kind"":8,""reference_df"":6638,""target_df"":12573,""pair_product"":83459574,""within_budget"":false},{""kind"":8,""reference_df"":1921,""target_df"":3312,""pair_product"":6362352,""within_budget"":false},{""kind"":12,""reference_df"":3509,""target_df"":6054,""pair_product"":21243486,""within_budget"":false},{""kind"":12,""reference_df"":169,""target_df"":394,""pair_product"":66586,""within_budget"":false}]"	257	10.909090909090914
address_token_not_selected_as_informative	Raw address-token overlap exists, but the token was not selected into the informative address-token retrieval family.	S1-713264352	S2-552883798	2	Red Om It Private Limited	ரெட் ஓம் ஐடி பிரைவேட் லிமிடெட்	red om it private limited	ரெட் ஓம் ஐடி பிரைவேட் லிமிடெட்	No 2A, Subpasha Avinuyu Kovilambakkam, Chennai, Kancheepuram, Tamil Nadu	NO 2A, Tamil Nadu, KANCHEEPURAM, CHENNAI	no 2a subpasha avinuyu kovilambakkam chennai kancheepuram tamil nadu	no 2a tamil nadu kancheepuram chennai	India	India	8	"[{""kind"":8,""reference_df"":2860,""target_df"":2268,""pair_product"":6486480,""within_budget"":false},{""kind"":8,""reference_df"":2859,""target_df"":2266,""pair_product"":6478494,""within_budget"":false},{""kind"":8,""reference_df"":84,""target_df"":116,""pair_product"":9744,""within_budget"":true},{""kind"":8,""reference_df"":1387,""target_df"":2461,""pair_product"":3413407,""within_budget"":false}]"	18	14.54545454545455
address_token_not_selected_as_informative	Raw address-token overlap exists, but the token was not selected into the informative address-token retrieval family.	S1-713264352	S2-941284083	2	Red Om It Private Limited	ரெட் ஓம் ஐடி பிரைவேட் லிமிடெட்	red om it private limited	ரெட் ஓம் ஐடி பிரைவேட் லிமிடெட்	No 2A, Subpasha Avinuyu Kovilambakkam, Chennai, Kancheepuram, Tamil Nadu	NO 2A, CHENNAI, KANCHEEPURAM, Tamil Nadu	no 2a subpasha avinuyu kovilambakkam chennai kancheepuram tamil nadu	no 2a chennai kancheepuram tamil nadu	India	India	8	"[{""kind"":8,""reference_df"":2860,""target_df"":2268,""pair_product"":6486480,""within_budget"":false},{""kind"":8,""reference_df"":2859,""target_df"":2266,""pair_product"":6478494,""within_budget"":false},{""kind"":8,""reference_df"":84,""target_df"":116,""pair_product"":9744,""within_budget"":true},{""kind"":8,""reference_df"":1387,""target_df"":2461,""pair_product"":3413407,""within_budget"":false}]"	18	14.54545454545455
oversized_block_budget_suppression	Shared generated retrieval keys exist, but every direct retrieval-family block for this pair is over the configured 50,000-pair limit.	S1-721431098	S3-478740633	3	Mountain Fund	Mountain Fndt	mountain fund	mountain fndt	800 Wolf Ranch Parkway, Unit 14105, Georgetown, TX		800 wolf ranch parkway unit 14105 georgetown tx		US	US	6,7,10	"[{""kind"":6,""reference_df"":352,""target_df"":565,""pair_product"":198880,""within_budget"":false},{""kind"":7,""reference_df"":352,""target_df"":565,""pair_product"":198880,""within_budget"":false},{""kind"":10,""reference_df"":413,""target_df"":703,""pair_product"":290339,""within_budget"":false}]"	110	92.3076923076923
address_token_not_selected_as_informative	Raw address-token overlap exists, but the token was not selected into the informative address-token retrieval family.	S1-73407193	S3-484724144	3	Para & Associates	Sri páraassociates.com	para associates	sri páraassociates com	1410, 'E' Block, Aecs Layout Kundalahalli, Marathahalli Post, Bangalore, Karnataka	14-10, Bangalore, ಕರ್ನಾಟಕ	1410 e block aecs layout kundalahalli marathahalli post bangalore karnataka	14 10 bangalore ಕರ್ನಾಟಕ	India	India	8	"[{""kind"":8,""reference_df"":2582,""target_df"":4679,""pair_product"":12081178,""within_budget"":false}]"	24	70.27027027027026
oversized_block_budget_suppression	Shared generated retrieval keys exist, but every direct retrieval-family block for this pair is over the configured 50,000-pair limit.	S1-737589019	S3-906801691	3	Great Consulting Private Limited	ग्रेट कंसल्टिंग प्राइवेट लिमिटेड	great consulting private limited	ग्रेट कंसल्टिंग प्राइवेट लिमिटेड	New Delhi, Delhi, Hauz Khas, K-102, South Delhi	K-b3/102, New Delhi, दिल्ली	new delhi delhi hauz khas k 102 south delhi	k b3 102 new delhi दिल्ली	India	India	8,12	"[{""kind"":8,""reference_df"":5132,""target_df"":12966,""pair_product"":66541512,""within_budget"":false},{""kind"":8,""reference_df"":426,""target_df"":650,""pair_product"":276900,""within_budget"":false},{""kind"":8,""reference_df"":5690,""target_df"":10211,""pair_product"":58100590,""within_budget"":false},{""kind"":12,""reference_df"":256,""target_df"":439,""pair_product"":112384,""within_budget"":false}]"	52	9.375
oversized_block_budget_suppression	Shared generated retrieval keys exist, but every direct retrieval-family block for this pair is over the configured 50,000-pair limit.	S1-751963641	S3-965573057	3	Agro Mz Services Pvt. Ltd.	Agro Mz Srivces Pvt. Ltd. | www.agromzsr.com	agro mz services private limited	agro mz srivces private limited www agromzsr com	D/304, Arihant Plaza, Opp. Ganesh Dwar, Opp. Ozone Chenpur Gam Road, New Ranip, Ahmedabad, Gujarat		d 304 arihant plaza opp ganesh dwar opp ozone chenpur gam road new ranip ahmedabad gujarat		India	India	6,7,10	"[{""kind"":6,""reference_df"":478,""target_df"":549,""pair_product"":262422,""within_budget"":false},{""kind"":7,""reference_df"":478,""target_df"":549,""pair_product"":262422,""within_budget"":false},{""kind"":10,""reference_df"":513,""target_df"":600,""pair_product"":307800,""within_budget"":false}]"	238	85.71428571428571
oversized_block_budget_suppression	Shared generated retrieval keys exist, but every direct retrieval-family block for this pair is over the configured 50,000-pair limit.	S1-773354190	S2-430961407	2	Gold Trading Private Limited	ಗೋಲ್ಡ್ ಟ್ರೇಡಿಂಗ್ ಪ್ರೈವೇಟ್ ಲಿಮಿಟೆಡ್	gold trading private limited	ಗೋಲ್ಡ್ ಟ್ರೇಡಿಂಗ್ ಪ್ರೈವೇಟ್ ಲಿಮಿಟೆಡ್	Bangalore South, Bangalore, Karnataka, K. No 46, 70/2, Maragondanahalli, Anekal	K. NO 46, BANGALORE SOUTH, ಕರ್ನಾಟಕ	bangalore south bangalore karnataka k no 46 70 2 maragondanahalli anekal	k no 46 bangalore south ಕರ್ನಾಟಕ	India	India	8,12	"[{""kind"":8,""reference_df"":2582,""target_df"":4679,""pair_product"":12081178,""within_budget"":false},{""kind"":8,""reference_df"":2654,""target_df"":4101,""pair_product"":10884054,""within_budget"":false},{""kind"":12,""reference_df"":171,""target_df"":370,""pair_product"":63270,""within_budget"":false}]"	606	9.677419354838712
oversized_block_budget_suppression	Shared generated retrieval keys exist, but every direct retrieval-family block for this pair is over the configured 50,000-pair limit.	S1-776420280	S3-247061270	3	Tech International Private Limited	Tech Ínternational Private Limited	technology international private limited	technology ínternational private limited	Plot No.118, Mye Villas Sy.No.33/12, Fci Godown Road, Nacharam, Uppal, K.V.Rangareddy, Telangana		plot no 118 mye villas sy no 33 12 fci godown road nacharam uppal k v rangareddy telangana		India	India	6,7,10	"[{""kind"":6,""reference_df"":2279,""target_df"":2725,""pair_product"":6210275,""within_budget"":false},{""kind"":7,""reference_df"":2279,""target_df"":2725,""pair_product"":6210275,""within_budget"":false},{""kind"":10,""reference_df"":2460,""target_df"":3137,""pair_product"":7717020,""within_budget"":false}]"	310	97.5
address_token_not_selected_as_informative	Raw address-token overlap exists, but the token was not selected into the informative address-token retrieval family.	S1-781766433	S3-603195561	3	Bah Mutual Pvt Ltd	bahmutual.com	bah mutual private limited	bahmutual com	Bah, Agra, Uttar Pradesh, C/O Sri Man Behari Vill, Bholpura Dhamota Barauli	Plot 766 C/o Sri Man Behari Vill, Agra, Bah, उत्तर प्रदेश	bah agra uttar pradesh c o sri man behari vill bholpura dhamota barauli	plot 766 c o sri man behari vill agra bah उत्तर प्रदेश	India	India	8	"[{""kind"":8,""reference_df"":6,""target_df"":20,""pair_product"":120,""within_budget"":true},{""kind"":8,""reference_df"":189,""target_df"":302,""pair_product"":57078,""within_budget"":false},{""kind"":8,""reference_df"":318,""target_df"":471,""pair_product"":149778,""within_budget"":false},{""kind"":8,""reference_df"":2,""target_df"":6,""pair_product"":12,""within_budget"":true},{""kind"":8,""reference_df"":18,""target_df"":35,""pair_product"":630,""within_budget"":true},{""kind"":8,""reference_df"":439,""target_df"":724,""pair_product"":317836,""within_budget"":false}]"	70	75.00000000000001
address_token_not_selected_as_informative	Raw address-token overlap exists, but the token was not selected into the informative address-token retrieval family.	S1-786005321	S3-673964496	3	Eastern Impex Private Limited	ईस्टर्न इम्पेक्स प्राइवेट लिमिटेड	eastern impex private limited	ईस्टर्न इम्पेक्स प्राइवेट लिमिटेड	Bl - N, Fl - 7, Sn - 7 / 1, Ph - Iv, Konark Pooram, Kondhwa Kd, Pune, Maharashtra	Hn 688 Bl - N, NULL, Pune, MH	bl n fl 7 sn 7 1 ph iv konark pooram kondhwa kd pune maharashtra	hn 688 bl n null pune mh	India	India	8	"[{""kind"":8,""reference_df"":1921,""target_df"":3312,""pair_product"":6362352,""within_budget"":false}]"	79	9.677419354838712
address_token_not_selected_as_informative	Raw address-token overlap exists, but the token was not selected into the informative address-token retrieval family.	S1-800449781	S2-433402165	2	Tirupati Sunrise Developers Limited	ତିରୁପତି ସନ୍‌ରାଇଜ୍ ଡେଭଲପର୍ସ୍ ଲିମିଟେଡ୍	tirupati sunrise developers limited	ତିରୁପତି ସନ୍‌ରାଇଜ୍ ଡେଭଲପର୍ସ୍ ଲିମିଟେଡ୍	E7, Infocity Chandaka Industrial Estate, Bhubaneswar, Khordha, Orissa	E7, KHORDHA, ଓଡ଼ିଶା	e7 infocity chandaka industrial estate bhubaneswar khordha orissa	e7 khordha ଓଡ଼ିଶା	India	India	8	"[{""kind"":8,""reference_df"":309,""target_df"":367,""pair_product"":113403,""within_budget"":false}]"	385	8.450704225352112
address_token_not_selected_as_informative	Raw address-token overlap exists, but the token was not selected into the informative address-token retrieval family.	S1-805090003	S2-579299906	2	Krishna Power	कृष्ण पावर	krishna power	कृष्ण पावर	C/O Ajay Sharma, S/O Omkar Gautam Nagar, Near Gaj R, Rewari, Haryana	BLOCK C-988 C/O AJAY SHARMA, REWARI, हरियाणा	c o ajay sharma s o omkar gautam nagar near gaj r rewari haryana	block c 988 c o ajay sharma rewari हरियाणा	India	India	8	"[{""kind"":8,""reference_df"":22,""target_df"":29,""pair_product"":638,""within_budget"":true},{""kind"":8,""reference_df"":60,""target_df"":111,""pair_product"":6660,""within_budget"":true},{""kind"":8,""reference_df"":35,""target_df"":41,""pair_product"":1435,""within_budget"":true}]"	216	8.695652173913048
oversized_block_budget_suppression	Shared generated retrieval keys exist, but every direct retrieval-family block for this pair is over the configured 50,000-pair limit.	S1-822370248	S3-546028831	3	Pacific Foundation	Pacific | www.pacific.com	pacific foundation	pacific www pacific com	7260 Creekbend Drive, Pendleton, NY		7260 creekbend drive pendleton ny		US	US	6,7,10	"[{""kind"":6,""reference_df"":362,""target_df"":614,""pair_product"":222268,""within_budget"":false},{""kind"":7,""reference_df"":362,""target_df"":614,""pair_product"":222268,""within_budget"":false},{""kind"":10,""reference_df"":363,""target_df"":638,""pair_product"":231594,""within_budget"":false}]"	10	60.454545454545446
oversized_block_budget_suppression	Shared generated retrieval keys exist, but every direct retrieval-family block for this pair is over the configured 50,000-pair limit.	S1-822914400	S2-748486447	2	Supreme America	Supreme Ámerica	supreme america	supreme ámerica	1209 Fair Avenue, Pana, IL	1202 FAIR AVE, PAANA, IL	1209 fair avenue pana il	1202 fair avenue paana il	US	US	6,7,8,10	"[{""kind"":6,""reference_df"":428,""target_df"":595,""pair_product"":254660,""within_budget"":false},{""kind"":7,""reference_df"":428,""target_df"":595,""pair_product"":254660,""within_budget"":false},{""kind"":8,""reference_df"":48,""target_df"":78,""pair_product"":3744,""within_budget"":true},{""kind"":10,""reference_df"":431,""target_df"":624,""pair_product"":268944,""within_budget"":false}]"	95	93.33333333333333
oversized_block_budget_suppression	Shared generated retrieval keys exist, but every direct retrieval-family block for this pair is over the configured 50,000-pair limit.	S1-831482300	S3-181583934	3	International Royal International Private Limited	International Rgtla International Private Limited	international royal international private limited	international rgtla international private limited	H.No-12-4-18, Sri Sarada Nilayam, Narasaraopet, Guntur, Andhra Pradesh	Hn 952 H.no-12-4-18, N/A, Narasaraopeta, AP	h no 12 4 18 sri sarada nilayam narasaraopet guntur andhra pradesh	hn 952 h no 12 4 18 n a narasaraopeta ap	India	India	12	"[{""kind"":12,""reference_df"":786,""target_df"":1590,""pair_product"":1249740,""within_budget"":false},{""kind"":12,""reference_df"":483,""target_df"":985,""pair_product"":475755,""within_budget"":false},{""kind"":12,""reference_df"":1798,""target_df"":3556,""pair_product"":6393688,""within_budget"":false}]"	47	93.87755102040816
address_token_not_selected_as_informative	Raw address-token overlap exists, but the token was not selected into the informative address-token retrieval family.	S1-832617136	S3-906707696	3	Gujarat Hospitality Private Limited	गुजरात हॉस्पिटैलिटी प्राइवेट लिमिटेड	gujarat hospitality private limited	गुजरात हॉस्पिटैलिटी प्राइवेट लिमिटेड	Shop No.2, H.1031 Jija Mata Road Sona Sankul, Nashik, 1St Floor, Maharashtra, Nashik	1St Floor, Nashik, MH	shop no 2 h 1031 jija mata road sona sankul nashik 1st floor maharashtra nashik	1st floor nashik mh	India	India	8	"[{""kind"":8,""reference_df"":1643,""target_df"":2219,""pair_product"":3645817,""within_budget"":false},{""kind"":8,""reference_df"":7569,""target_df"":11884,""pair_product"":89949996,""within_budget"":false},{""kind"":8,""reference_df"":247,""target_df"":462,""pair_product"":114114,""within_budget"":false}]"	222	8.450704225352112
oversized_block_budget_suppression	Shared generated retrieval keys exist, but every direct retrieval-family block for this pair is over the configured 50,000-pair limit.	S1-848766993	S2-68125772	2	Education Guild	Education Center	education guild	education center	11924 Lochwood Boulevard, Dallas, TX	011924 LOCHWOOD BOULEVARD, N/A, DALLA STOWNSHIP, TX	11924 lochwood boulevard dallas tx	011924 lochwood boulevard n a dalla stownship tx	US	US	6,7,8,10	"[{""kind"":6,""reference_df"":227,""target_df"":384,""pair_product"":87168,""within_budget"":false},{""kind"":7,""reference_df"":227,""target_df"":384,""pair_product"":87168,""within_budget"":false},{""kind"":8,""reference_df"":943,""target_df"":1897,""pair_product"":1788871,""within_budget"":false},{""kind"":8,""reference_df"":3,""target_df"":1,""pair_product"":3,""within_budget"":true},{""kind"":10,""reference_df"":371,""target_df"":654,""pair_product"":242634,""within_budget"":false}]"	226	71.25
oversized_block_budget_suppression	Shared generated retrieval keys exist, but every direct retrieval-family block for this pair is over the configured 50,000-pair limit.	S1-850446931	S2-557634773	2	Oncology Clinic LLC	ONCOLOGY CLÍNIC LLC	oncology clinic llc	oncology clínic llc	8379 Piney Orchard Parkway, Unit D, Odenton, MD		8379 piney orchard parkway unit d odenton md		US	US	6,7,10	"[{""kind"":6,""reference_df"":235,""target_df"":446,""pair_product"":104810,""within_budget"":false},{""kind"":7,""reference_df"":235,""target_df"":446,""pair_product"":104810,""within_budget"":false},{""kind"":10,""reference_df"":235,""target_df"":478,""pair_product"":112330,""within_budget"":false}]"	42	94.73684210526316
fuzzy_prefix_candidate_not_retrieved	A bounded token-prefix key is shared, but no exact/selected evidence key is shared; fuzzy scoring did not add the pair.	S1-850976596	S2-34158856	2	Augustina Garcia Spade, LLC	augustinagarciaspade.com	augustina garcia spade llc	augustinagarciaspade com	3227 Washington Street, Unit 2, Boston, MA	3227A WASHINGTON ST, null, JAMAICA PLAIN, MA	3227 washington street unit 2 boston ma	3227a washington street null jamaica plain ma	US	US	8,10	"[{""kind"":8,""reference_df"":592,""target_df"":2854,""pair_product"":1689568,""within_budget"":false},{""kind"":10,""reference_df"":14,""target_df"":21,""pair_product"":294,""within_budget"":true}]"	525	88.0
address_token_not_selected_as_informative	Raw address-token overlap exists, but the token was not selected into the informative address-token retrieval family.	S1-853616728	S3-689309268	3	Baba Business Private Limited	ബാബ ബിസിനസ് പ്രൈവറ്റ് ലിമിറ്റഡ്	baba business private limited	ബാബ ബിസിനസ് പ്രൈവറ്റ് ലിമിറ്റഡ്	1St Floor, Maas Commercial Building Trikkav, Po - Ponnani, Malappuram-Dt, Malappuram, Malappuram, Malapuram, Kerala	1St Floor, Malappuram, Malapuram, KL	1st floor maas commercial building trikkav po ponnani malappuram dt malappuram malappuram malapuram kerala	1st floor malappuram malapuram kl	India	India	8	"[{""kind"":8,""reference_df"":129,""target_df"":155,""pair_product"":19995,""within_budget"":true},{""kind"":8,""reference_df"":1643,""target_df"":2219,""pair_product"":3645817,""within_budget"":false},{""kind"":8,""reference_df"":7569,""target_df"":11884,""pair_product"":89949996,""within_budget"":false},{""kind"":8,""reference_df"":130,""target_df"":264,""pair_product"":34320,""within_budget"":true}]"	164	9.999999999999998
address_token_not_selected_as_informative	Raw address-token overlap exists, but the token was not selected into the informative address-token retrieval family.	S1-857270722	S3-906622435	3	Om Ventures Private Limited	Om Vtenturs Private Limited	om ventures private limited	om vtenturs private limited	17A, (Wd80), Zone 5, Thyagi Sankaralinganar St, Madurai South, Madurai, Tamil Nadu	Madurai South, TN, 17A, Madurai	17a wd80 zone 5 thyagi sankaralinganar street madurai south madurai tamil nadu	madurai south tn 17a madurai	India	India	8	"[{""kind"":8,""reference_df"":2654,""target_df"":4101,""pair_product"":10884054,""within_budget"":false},{""kind"":8,""reference_df"":83,""target_df"":192,""pair_product"":15936,""within_budget"":true},{""kind"":8,""reference_df"":15,""target_df"":26,""pair_product"":390,""within_budget"":true}]"	87	96.2962962962963
oversized_block_budget_suppression	Shared generated retrieval keys exist, but every direct retrieval-family block for this pair is over the configured 50,000-pair limit.	S1-858982099	S3-627041581	3	Black Logistics LLP	பிளாக் லாஜிஸ்டிக்ஸ் எல்எல்பி	black logistics limited liability partnership	பிளாக் லாஜிஸ்டிக்ஸ் எல்எல்பி	No: 1/43, Race Course Road Kajamalai, Trichy, Tiruchirappalli, Tamil Nadu	Block A-846 No: 1/43, Tiruchirappalli, தமிழ்நாடு	no 1 43 race course road kajamalai trichy tiruchirappalli tamil nadu	block a 846 no 1 43 tiruchirappalli தமிழ்நாடு	India	India	8,12	"[{""kind"":8,""reference_df"":63,""target_df"":97,""pair_product"":6111,""within_budget"":true},{""kind"":12,""reference_df"":4645,""target_df"":8004,""pair_product"":37178580,""within_budget"":false},{""kind"":12,""reference_df"":204,""target_df"":410,""pair_product"":83640,""within_budget"":false}]"	375	8.181818181818185
address_token_not_selected_as_informative	Raw address-token overlap exists, but the token was not selected into the informative address-token retrieval family.	S1-861349356	S2-684925355	2	Golden Constructions	গোল্ডেন কনস্ট্রাকশনস	golden constructions	গোল্ডেন কনস্ট্রাকশনস	2A G.C. Avenue, Kolkata, Calcutta, West Bengal	PIFA BAZAR NORTH TWENTY FOUR  PARGANAS, KOLKATA, পশ্চিমবঙ্গ, #2A G.C. AVENUE	2a g c avenue kolkata calcutta west bengal	pifa bazar north twenty four parganas kolkata পশ্চিমবঙ্গ 2a g c avenue	India	India	8	"[{""kind"":8,""reference_df"":1720,""target_df"":2983,""pair_product"":5130760,""within_budget"":false}]"	317	5.000000000000004
oversized_block_budget_suppression	Shared generated retrieval keys exist, but every direct retrieval-family block for this pair is over the configured 50,000-pair limit.	S1-862542851	S2-448931113	2	Aditya Consultants	आदित्य कंसल्टेंट्स	aditya consultants	आदित्य कंसल्टेंट्स	102, Ambaji Niketan Chs Ltd. Plot No. 20 Road No. 4, Pestom Sagar, Mumbai, Mumbai City, Maharashtra	102, MUMBAI, MUMBAI CITY, Maharashtra	102 ambaji niketan chs ltd plot no 20 road no 4 pestom sagar mumbai mumbai city maharashtra	102 mumbai mumbai city maharashtra	India	India	8,12	"[{""kind"":8,""reference_df"":8710,""target_df"":6948,""pair_product"":60517080,""within_budget"":false},{""kind"":8,""reference_df"":3923,""target_df"":7051,""pair_product"":27661073,""within_budget"":false},{""kind"":8,""reference_df"":6638,""target_df"":12573,""pair_product"":83459574,""within_budget"":false},{""kind"":8,""reference_df"":426,""target_df"":650,""pair_product"":276900,""within_budget"":false},{""kind"":12,""reference_df"":256,""target_df"":439,""pair_product"":112384,""within_budget"":false}]"	199	5.555555555555558
address_token_not_selected_as_informative	Raw address-token overlap exists, but the token was not selected into the informative address-token retrieval family.	S1-866635525	S3-264286713	3	Global Healthcare Pvt Ltd	M/s Global Pvt Ltd Center	global healthcare private limited	m s global private limited center	2A, Merzban Apartment, Anjali Co. Op. Hou. Society Shahaji Raje Road, Koldongri, Ville Parl, E (E), Mumbai, Mumbai City, Maharashtra	2A, Mumbai, Mumbai (SUBURBAN), महाराष्ट्र	2a merzban apartment anjali co op hou society shahaji raje road koldongri ville parl e e mumbai mumbai city maharashtra	2a mumbai mumbai suburban महाराष्ट्र	India	India	8	"[{""kind"":8,""reference_df"":3923,""target_df"":7051,""pair_product"":27661073,""within_budget"":false}]"	25	76.0
oversized_block_budget_suppression	Shared generated retrieval keys exist, but every direct retrieval-family block for this pair is over the configured 50,000-pair limit.	S1-886068115	S3-49710851	3	Hotel Projects Pvt Ltd	হোটেল প্রজেক্টস প্রাইভেট লিমিটেড	hotel projects private limited	হোটেল প্রজেক্টস প্রাইভেট লিমিটেড	Sector - 1, Salt Lake City, North 24 Parganas, Saltlake, West Bengal, Ae -494	Ae -94, North 24 Parganas, WB	sector 1 salt lake city north 24 parganas saltlake west bengal ae 494	ae 94 north 24 parganas wb	India	India	8,12	"[{""kind"":8,""reference_df"":2158,""target_df"":7629,""pair_product"":16463382,""within_budget"":false},{""kind"":8,""reference_df"":339,""target_df"":492,""pair_product"":166788,""within_budget"":false},{""kind"":12,""reference_df"":573,""target_df"":1181,""pair_product"":676713,""within_budget"":false}]"	135	9.677419354838712
oversized_block_budget_suppression	Shared generated retrieval keys exist, but every direct retrieval-family block for this pair is over the configured 50,000-pair limit.	S1-895858637	S3-992341899	3	Vision Constructions Private Limited	Visi0n Constructions Private  Limited	vision constructions private limited	visi0n constructions private limited	606 B-Wing, Everest Chambers, Marol Naka Ak Rd, Andheri East, Mumbai, Mumbai City, Maharashtra		606 b wing everest chambers marol naka ak road andheri east mumbai mumbai city maharashtra		India	India	6,7,10	"[{""kind"":6,""reference_df"":376,""target_df"":410,""pair_product"":154160,""within_budget"":false},{""kind"":7,""reference_df"":376,""target_df"":410,""pair_product"":154160,""within_budget"":false},{""kind"":10,""reference_df"":508,""target_df"":789,""pair_product"":400812,""within_budget"":false},{""kind"":10,""reference_df"":2958,""target_df"":3464,""pair_product"":10246512,""within_budget"":false}]"	121	97.22222222222221
no_shared_generated_retrieval_key	No applicable retrieval key was shared after normalization and key selection.	S1-905609035	S2-258730821	2	QR Brothers Private Limited	QR Private Limited Services	qr brothers private limited	qr private limited services	39/3, Vasaga Salai St, P.Pet, Salem, Tamil Nadu		39 3 vasaga salai street p pet salem tamil nadu		India	India		[]	133	77.4074074074074
no_shared_generated_retrieval_key	No applicable retrieval key was shared after normalization and key selection.	S1-912576916	S2-570493783	2	W 8 Precision Mobile	W 8	w 8 precision mobile	w 8	141 Beach Road, Unit 21, Salisbury, MA		141 beach road unit 21 salisbury ma		US	US		[]	237	90.0
oversized_block_budget_suppression	Shared generated retrieval keys exist, but every direct retrieval-family block for this pair is over the configured 50,000-pair limit.	S1-982921700	S2-869502263	2	IPD Funds Private Limited	-- ipdfundscom	ipd funds private limited	ipdfundscom	2, Ff, Krishna Complex, Ms, 1/13, Sector-A, Ram Ram, Lucknow, Uttar Pradesh	##2, LUCKNOW, उत्तर प्रदेश	2 ff krishna complex ms 1 13 sector a ram ram lucknow uttar pradesh	2 lucknow उत्तर प्रदेश	India	India	8,12	"[{""kind"":8,""reference_df"":587,""target_df"":1096,""pair_product"":643352,""within_budget"":false},{""kind"":12,""reference_df"":3509,""target_df"":6054,""pair_product"":21243486,""within_budget"":false}]"	134	72.0
oversized_block_budget_suppression	Shared generated retrieval keys exist, but every direct retrieval-family block for this pair is over the configured 50,000-pair limit.	S1-986851701	S2-611602843	2	HE International Limited	Limited HE Internationa1	he international limited	limited he internationa1	Kundan Nagar, Model Town, Punjab, Ludhiana, 3770/1, Ludhiana	3768/1, null, LUDHIANA, Punjab	kundan nagar model town punjab ludhiana 3770 1 ludhiana	3768 1 null ludhiana punjab	India	India	8,12	"[{""kind"":8,""reference_df"":117,""target_df"":232,""pair_product"":27144,""within_budget"":true},{""kind"":8,""reference_df"":546,""target_df"":491,""pair_product"":268086,""within_budget"":false},{""kind"":12,""reference_df"":4645,""target_df"":8004,""pair_product"":37178580,""within_budget"":false}]"	26	91.04166666666667
address_token_not_selected_as_informative	Raw address-token overlap exists, but the token was not selected into the informative address-token retrieval family.	S1-991501850	S3-38684194	3	Seven Ventures Private Limited	செவன் வென்ச்சர்ஸ் பிரைவேட் லிமிடெட்	seven ventures private limited	செவன் வென்ச்சர்ஸ் பிரைவேட் லிமிடெட்	4Th Floor, Mount View Building, Door No.111A Annasalai, Guindy, Chennai, Tamil Nadu	4Th Floor, Chennai, TN	4th floor mount view building door no 111a annasalai guindy chennai tamil nadu	4th floor chennai tn	India	India	8	"[{""kind"":8,""reference_df"":7569,""target_df"":11884,""pair_product"":89949996,""within_budget"":false},{""kind"":8,""reference_df"":867,""target_df"":1176,""pair_product"":1019592,""within_budget"":false},{""kind"":8,""reference_df"":1387,""target_df"":2461,""pair_product"":3413407,""within_budget"":false}]"	222	9.230769230769232
